slug,inspire_id,inspire_ix,name_en
almond,69ecbe48-5211-44ad-afd7-5cbd53386d18,0,Almond
mara_des_bois_strawberry,b4f061f8-1424-4b11-8be4-fafa7701973b,1,Mara Des Bois Strawberry
00_yellow_chanterelle,33eca987-edb8-4031-842d-45b90c6a0438,2,00_Yellow Chanterelle
a_trade_kecap_manis,81182f0b-f741-4882-b978-406e83d52f01,3,A Trade Kecap Manis
a1_original_sauce,f6526ee4-4862-490d-bbbc-8cf0025a7686,4,A1 Original Sauce
abc_kecap_manis,61b3865c-1bbd-4448-950b-52e927a2a08d,5,ABC Kecap Manis
absente_absinthe,43adb671-0352-4aae-a740-dd3939360a38,6,Absente Absinthe
absinthe_wormwood,b25fdc1b-e153-460e-8704-6027272d59f3,7,Absinthe Wormwood
acacia_flower,c2f31576-e0ba-427a-abd8-65d190241d21,8,Acacia Flower
acacia_honey,d71e656c-8114-4d09-941a-0add0e535deb,9,Acacia Honey
acai_berry,36f014a2-37b8-4867-9612-cad3548eb7b6,10,Açai Berry
acai_juice,3c2d3e66-1c5e-4575-9133-10882a58e5f3,11,Açai Juice
acai_powder,e6f428aa-8d2a-452c-a00b-757002c7fb54,12,Açai Powder
acai_puree,07f47fcd-81b1-4ba1-a054-8486549707ef,13,Açai Puree
acerola_14,361cfcc8-f327-4ace-9f49-35a121848256,14,Acerola
acerola_puree,54863ca9-a899-4bf3-9a6d-43bdc3786d1e,15,Acerola Puree
aclla_cress,72e893dc-e697-4fb7-8fba-0158362901fd,16,Aclla Cress®
acorn_squash,af72d677-e123-4817-a66e-5df57cd08b83,17,Acorn Squash
adji_cress,abdaefc8-6ae4-4bbe-9360-4ad4244973b0,18,Adji Cress
adzuki_bean,af918e10-7242-40a3-8738-7725af5e0e82,19,Adzuki Bean
adzuki_bean_paste,44e434e2-cd96-4183-83fa-9c121dc64c51,20,Adzuki Bean Paste
affilla_cress,52601630-3d7c-4c7c-8659-6be615ff6d49,21,Affilla® Cress
african_marigold,d46648d3-1e74-4416-8aef-be59e084f548,22,African Marigold
african_pear,e186438c-2cec-40c4-83b9-fbfd4bb32d93,23,African Pear
agave_syrup,2cc77522-dc32-47d2-8397-35e64f522574,24,Agave Syrup
aged_black_rice_vingear,cb6eb102-7974-4d33-a866-3ae322c0f90d,25,Aged Black Rice Vingear
agrodolce,8f2f45ad-75e6-4dd7-9a9e-4b0a3cd406e9,26,Agrodolce
aha_tee_pu_erh_tea,c37a43a7-2e99-446c-b2f2-a07c882c6c1a,27,Aha Tee Pu Erh Tea
aioli_28,2f4dbf54-9241-4669-8e3f-3444367bc12f,28,Aioli
aji_amarillo,31c373a5-e3c6-4d0e-909a-98679a119b0f,29,Aji Amarillo
aji_caballero,01780007-a713-4a0a-944e-83143416a3c3,30,Aji Caballero
aji_catalan,132c1e07-6a08-4ccc-90a2-55080114385a,31,Aji Catalan
aji_dulce,55f80b1b-ebf3-4bfd-957f-03964cb07031,32,Ají Dulce
aji_mirasol,e967f042-ea5c-499d-9036-f8a340519076,33,Aji Mirasol
aji_molido,4d990ca4-09e7-461c-8f95-8a08defb9ec3,34,Aji Molido
aji_panca,bc20d53f-7d04-43df-b275-9a6f27b4a804,35,Aji Panca
ajowan_36,eb0513b4-7952-44bd-b449-54f61e6ce4c2,36,Ajowan
ajvar_37,7c3d1a5f-05eb-4435-ac51-6e1eb88b61aa,37,Ajvar
akvavit,3603c4fd-5a8f-479b-998b-f5df5d807bae,38,Akvavit
aleppo_pepper,82ca8cb4-cf59-4410-bfdf-28a9a595e908,39,Aleppo Pepper
alfalfa_sprout,6e3b1880-b50d-4d23-9664-31d0ff6b9833,40,Alfalfa Sprout
alishan,f662bed6-4006-4d23-8ddb-c6b675074fa3,41,Alishan
alligator_pepper,ebc7f621-2366-468a-b485-cbaee8d2cebc,42,Alligator Pepper
allspice,ef6856ee-8078-45b3-a858-175ddec60c89,43,Allspice
almond_broyage,e86aaeb2-17b3-4ba0-a206-9c7a3fca15bd,44,Almond Broyage
almond_butter,e383c8b2-5a2b-4084-abc0-a8904ead93a1,45,Almond Butter
almond_drink,42c94257-721d-4eaa-b82a-ab669dae56b2,46,Almond Drink
almond_oil,de97c40a-11c3-4dcf-9349-809bf7e28cac,47,Almond Oil
almond_praline,6fd8f904-1987-4f3a-a3b3-3dbaa2eb4783,48,Almond Praline
alphonso_mango,e138e80a-09fa-474e-9869-1341928e34de,49,Alphonso Mango
alpine_pepper,05ea446f-4056-4360-bda2-afbbfca1fabb,50,Alpine Pepper
amalfi_lemon,ba730116-40ea-404e-9469-eaf66cd700f5,51,Amalfi Lemon
amalfi_lemon_peel,20c2465f-0087-4512-8675-6e20bc75ca6b,52,Amalfi Lemon Peel
amaranth_drink,0b3cbd46-6de5-4213-908a-16e7254ec389,53,Amaranth Drink
amaranth_leaf,30873dad-c6cf-4dc0-bd28-4c891b458f33,54,Amaranth Leaf
amaranth_spinach,deaaf52d-8910-4db2-b95e-ba4a62f37d35,55,Amaranth Spinach
amber_maple_syrup,5eff4e5d-7e69-45ab-9697-ca522acfd799,56,Amber Maple Syrup
american_lobster,e50a3a62-dbb9-4531-ac15-8fac65aa2e27,57,American Lobster
ancho_chili_powder,c575b1a7-21e4-4e2b-9d17-be27dfdceae6,58,Ancho Chili Powder
anchovy_broth,07d27e09-835e-48c1-b91b-9d1af6b7c648,59,Anchovy Broth
anchovy_paste,53a7ab4c-eacd-462e-8446-fb0d21cf92af,60,Anchovy Paste
anep_red_pepper,fe3802f6-bc3d-49f1-9160-39951070faba,61,Anep Red Pepper
angel_cake,eab30613-62b6-4ebb-9d72-87c3a27ca4bb,62,Angel Cake
angelica_confit,e4e0cc7b-3fbf-4fe7-a95a-b58388ec5b92,63,Angelica Confit
angelica_seed,3ea85619-3b09-41bb-beda-8137ffad6d6a,64,Angelica Seed
anise_hyssop,7ef3bc12-4a41-4551-b8c2-9b7e714bf19f,65,Anise Hyssop
anise_hyssop_flower,6c1447cd-7987-4764-96c6-2dcfff37681a,66,Anise Hyssop Flower
anise_seed,eaa0f159-72c3-4195-bb39-f33ad7650d39,67,Anise Seed
aniseed_myrtle,4b10aaaf-491e-4634-8dd6-51ab2ae563ae,68,Aniseed Myrtle
apple,ab1c04c8-5296-4f5c-b851-d501746059ce,69,Apple
apple_blossom,9823b0ce-668c-4f8e-9c76-0cc6efe258cf,70,Apple Blossom
apple_caper,9978b168-9dea-49ab-83fd-79f361897f7d,71,Apple Caper
apple_cider_vinegar,f3a4639a-f327-4daa-9f2b-b921fecdb705,72,Apple Cider Vinegar
apple_compote,8c6ae3e5-8699-4a59-a9c4-da0c77474f9d,73,Apple Compote
apple_jelly,6e750b5f-3999-4132-9d96-23924f19b8d1,74,Apple Jelly
apple_juice,a3b6feb9-ad39-4301-ace2-c6afb3aa239b,75,Apple Juice
apple_mint,2ba22b9c-cd63-481b-9539-7b2c13cff45a,76,Apple Mint
apple_vinegar,cb925d36-d954-4fa4-ba36-3dca84876d68,77,Apple Vinegar
applejack,aa75cbb8-76be-4ff5-b4e9-d4a94f16a7cc,78,Applejack
apricot,076bbe58-f53b-426f-bcc5-c3d067643470,79,Apricot
apricot_dried,a2485784-363d-48b1-a18c-4228f2ab8902,80,Apricot (dried)
apricot_jam,92c06d9c-997f-4030-a761-266da8a024d6,81,Apricot Jam
apricot_juice,37fcec83-2af0-4123-a88b-a5b0f349640c,82,Apricot Juice
apricot_puree,92490377-e886-4486-a7c7-d4d70fc3dec0,83,Apricot Puree
apricot_puree_84,76919f7d-cd59-41b7-8f9b-eae3d75c5bf9,84,Apricot Puree
arabian_jasmine,e4a4a8d6-7f09-416a-8b3b-ec8500de9cba,85,Arabian Jasmine
arabic_mint,da037746-bd11-47b7-ba57-5892813063a9,86,Arabic Mint
arbol_chili_flakes,febecffb-4d51-47cc-97a2-12c3bfff927f,87,Arbol Chili Flakes
arborio_rice,69b8bfa5-ceff-4ff0-89e3-98f41a122ea3,88,Arborio Rice
argan_oil,10414371-66f1-43f5-a4c8-ef4a84b837e7,89,Argan Oil
armagnac_90,b5b275fb-24f4-4450-9068-e24636e0f055,90,Armagnac
arrack,43fe9e27-4ef5-446a-9029-91773815513f,91,Arrack
artichoke_puree,18307ed7-846c-48fb-909a-a6705990b872,92,Artichoke Puree
asafoetida_93,674928d1-0433-4a3e-a312-0304e7a46837,93,Asafoetida
assam_black_tea,9c301cdb-b82e-45a3-bbf6-0956efaefc44,94,Assam Black Tea
assam_green_tea,4481b65b-0f78-4be7-a979-705882dfb84b,95,Assam Green Tea
assam_white_tea,331b9f55-d28e-4fe2-a9ca-f96443dc58be,96,Assam White Tea
aubrac_beef,14f8c8d5-abdc-4994-871d-158c717bf9bb,97,Aubrac Beef
avjar_hot,9e5ea4f3-729f-4e3e-af8c-40a2cf010ad2,98,Avjar Hot
avocado_99,6efb137c-e574-4c38-8857-df77ef428377,99,Avocado
avocado_oil,234dac31-0d5c-49a0-8da1-d65f0eb716db,100,Avocado Oil
avocado_puree,49e54b42-84db-4ed7-8073-6b6d28b1cf2d,101,Avocado Puree
azetca_preserved_cactus_leaf,86aa1179-cf08-434b-b321-c1865136b492,102,Azetca Preserved Cactus Leaf
baba,c779de8e-97d5-4fd3-9c0d-e420f81c86cc,103,Baba
baba_ghanoush,15aeb5cd-c01f-4f34-adcf-51c7e0f9afbf,104,Baba Ghanoush
baby_carrot,39c1b7cf-7dbf-4a0f-ad5f-365b6479e1d6,105,Baby Carrot
baby_corn,7c53e27a-18f6-4adf-bf89-0703e7aa1356,106,Baby Corn
baby_spinach,76c555bd-8f31-49bf-9556-ceef3c914a58,107,Baby Spinach
bacardi_gold,5e91982a-0343-46e0-b0e5-90d94be77509,108,Bacardi Gold
bacardi_spiced,5886c2b8-6bbc-491a-94d7-4061c2ad7f82,109,Bacardi Spiced
bacon_lardons,53aec1c9-0016-4ce9-908d-ed16332ea79d,110,Bacon Lardons
bacuri_111,b27c35ea-ade1-45ea-982f-878d651a8efb,111,Bacuri
bagel,6e6c93c3-fbb3-400a-8e5f-8c931a3f99a9,112,Bagel
baguette,b8372ee0-57ee-44e2-9782-e20d77548b34,113,Baguette
baharat,0fef74b1-edfb-44d9-b794-f05a2c044805,114,Baharat
bai_hao_oolong_tea,e34a6855-0730-46b5-a05c-d62eb2557dad,115,Bai Hao Oolong Tea
baked_bacon,0393f66f-6699-4c75-b19f-110eb28eafd2,116,Baked Bacon
baked_beetroot,852974f5-3403-4c16-a764-265ef781c674,117,Baked Beetroot
baked_flying_crab,dd281dd7-0875-4717-992e-10e9d4ac5fe5,118,Baked Flying Crab
baked_guineafowl,c5e176f4-7566-4e2f-b429-a8af9e918ec4,119,Baked Guineafowl
baked_hamburger,38ccad2b-a8c2-4a3a-9671-f8ac44e2aea5,120,Baked Hamburger
baked_hare,513881e9-0713-4c23-9a26-99b20f3bced5,121,Baked Hare
baked_ostrich,ff3b924d-4e19-4586-93de-5a6fe69902eb,122,Baked Ostrich
baked_pizza_crust,fe278de4-39f1-4e4c-a956-c0cc9fb47b7a,123,Baked Pizza Crust
baked_shallot,1fe94bde-32bc-4b6a-a0ce-28a25c735cba,124,Baked Shallot
baklava,836a32fe-583b-4712-8b75-f280c9ba016d,125,Baklava
balsamic_vinegar,cf03498e-f089-4b43-8e3d-7a048506c736,126,Balsamic Vinegar
balsamic_vinegar_of_modena,4425d9a3-7bc8-4fa5-bbc5-7b077f9322f2,127,Balsamic Vinegar of Modena
balsamico_vinaigrette,a0175ed5-cecb-4c89-863f-719f05ad63a8,128,Balsamico Vinaigrette
banana,12857aeb-1942-45a2-b13c-ebd9a6af1ba0,129,Banana
banana_bread,04d56f6f-ef2a-4c8c-a6fc-294b24b01e85,130,Banana Bread
banana_ketchup,8f297a41-0154-4c2d-b795-b4efea7c8ca0,131,Banana Ketchup
banana_mint,074d9cb1-ee68-41a0-95d7-d11e1efdc37b,132,Banana Mint
banana_passionfruit,d911591b-4895-4e8f-b0ef-59b9f17fa83b,133,Banana Passionfruit
banana_puree,af3b3973-1b5e-41b6-9e2c-02f2665a7994,134,Banana Puree
banana_shallot,641b1695-ac89-4bb2-9566-72c7e3264d99,135,Banana Shallot
banana_squash,6724b4a3-bfb3-4222-99f4-3c02982427e3,136,Banana Squash
baobab,1c181814-a0f0-4103-b0d9-0a7ad3df42a5,137,Baobab
barley,043ba3f4-87c7-44de-8606-ed1a541a9b1c,138,Barley
barley_coffee,8ef002f6-c9fe-4659-9fe2-2e5ceb932b64,139,Barley Coffee
barley_grass_powder,d8e4bb1c-1ba3-4986-9ffd-2f070a0e4945,140,Barley Grass Powder
barley_sprout,d26237b4-cb31-42b0-912c-0ce4d75a358f,141,Barley Sprout
bartlett_pear,69068152-4d57-478a-bc31-bcd93609e8d4,142,Bartlett Pear
baru_nut,774b4889-bf1a-42ba-a271-73e5a9f78066,143,Baru Nut
basil,17bd864b-4a07-4dad-9a94-32f6340559d3,144,Basil
basil_cress,b5dc5055-0cac-4e0e-a1dd-bba95315ab91,145,Basil Cress
basil_seed,d24ee935-2c47-44f2-8244-92fd279075ab,146,Basil Seed
basmati_rice,b64d4f7a-e81e-4800-9380-9715a00b17e1,147,Basmati Rice
bay_leaf,a06f9f43-c855-45b3-98e4-8cc781387d0f,148,Bay Leaf
bayonne_ham,ad2ecd43-2afb-4349-8d5c-0e1f12719a72,149,Bayonne Ham
bears_garlic,3eb5c413-26d4-44f8-8540-e6afa611d566,150,Bear's Garlic
beaufort_cheese,b28bbfdc-7932-444f-9781-ac2e82cb45d4,151,Beaufort Cheese
beef_bouillon,b807f9c8-7c5f-47b5-9aa5-831231cc8243,152,Beef Bouillon
beef_rib_steak,697a982a-9ae5-4452-8139-0ebeb49c7662,153,Beef Rib Steak
beef_round_steak,0f3f204b-699c-4774-bf46-3e7054b4d8ce,154,Beef Round Steak
beef_sirloin,f74bd6ee-24e5-4346-9f02-6fcbf8b280a7,155,Beef Sirloin
beef_stock,30f75fd3-1631-483d-a296-167a09790991,156,Beef Stock
beef_tallow,5e44fa93-f4dd-412a-a03e-368b50a81546,157,Beef Tallow
beefsteak_tomato,d349790f-9f41-47bb-bb6d-8ea092805f55,158,Beefsteak Tomato
beet_greens,0d80e515-258d-43c3-85da-bd114ed7f2ab,159,Beet Greens
beetroot,426f7430-0bcb-4165-beed-89830b08f1dd,160,Beetroot
beetroot_juice,1194cc72-312f-4cb7-a54b-21d0ed8294ba,161,Beetroot Juice
beetroot_puree,487cf7d2-aea4-4c5c-9af9-9ad465e4911b,162,Beetroot Puree
beetroot_sprouts,e07d4524-0b6f-4aa8-8fba-2868adfb43df,163,Beetroot Sprouts
beignets,c9b6b189-bc81-4619-adad-1f79cb9ff140,164,Beignets
belgian_endive,1d733435-6cd8-4f62-ad32-0dbf11b79683,165,Belgian Endive
belgian_mayonnaise,35ccf968-57d3-43e5-8f4b-aad36a46ebce,166,Belgian Mayonnaise
belgian_waffle,461db6b4-88c5-4c45-8a02-ec89b00c5963,167,Belgian Waffle
belgium_hop_shoots,9578675c-37a0-47a8-b241-0c0ac6207b1e,168,Belgium Hop Shoots
bell_pepper_coulis,ced336f3-3448-4a29-9d88-3df1c5c5b46b,169,Bell Pepper Coulis
belle_de_fontenay_potato,2da1e850-c548-4df9-a3ae-7801b6330af5,170,Belle De Fontenay Potato
belvedere_vodka,bd4a48a6-5b2d-42d2-b2cb-b9d1320d5d78,171,Belvedere Vodka
belvedere_vodka_unfiltered,aaec4a0d-cab5-4db3-8d39-18a1ee68ce45,172,Belvedere Vodka Unfiltered
bergamot,06a6c80e-3f13-4aeb-82bd-170464701b67,173,Bergamot
bergamot_peel,7a81dd92-42f8-46f6-9db4-2c2137b9f103,174,Bergamot Peel
berry_and_cream_mint,7f8c4fcc-f5b6-4a5e-b155-c6f1300bfdc1,175,Berry and Cream Mint
beurre_noisette,dd0e2e95-953a-4512-accd-f976e779026c,176,Beurre Noisette
bi_luo_chun_tea,971f0eaa-84de-4e5c-8da2-9cf576729da6,177,Bi Luo Chun Tea
bilberry,6475d380-6ed3-4f20-9a4f-7be594d89340,178,Bilberry
bintje_potato,57322afe-abeb-4f6a-ba4d-42e30355901c,179,Bintje Potato
birch_syrup,b72d2185-df9a-4350-84c9-4c6e1c2a6358,180,Birch Syrup
biscuit,e0a5325d-7551-41e7-87ea-4f0e5e9e34ac,181,Biscuit
bitter_melon,967528c0-41aa-4ed6-a50c-a584a1d08076,182,Bitter Melon
bitter_orange,981fd5ba-cf9d-460d-85da-83aaa5c5caa4,183,Bitter Orange
bitter_orange_jam,e8fe6e0b-3be0-4579-acc3-487d04863da5,184,Bitter Orange Jam
bitter_orange_peel,6f4b8ff5-8227-41a9-afe8-04e5169e37d2,185,Bitter Orange Peel
black_bean_sauce,aeef37c2-57e2-47f0-880f-2b72b88e7cf0,186,Black Bean Sauce
black_beans,fd09c0fd-1045-4b1c-a3db-0788f70ff022,187,Black Beans
black_cardamom,57998a8f-65aa-415c-8577-857e59c6f9e7,188,Black Cardamom
black_carrot,18961997-ce03-4ebd-a612-f8d61067d7d2,189,Black Carrot
black_cherry,0c05a994-b56d-48c0-925a-ce407933c188,190,Black Cherry
black_cherry_jam,98cc66d7-ac29-402c-bf2e-bf44fb96c727,191,Black Cherry Jam
black_cumin,c0f813b5-54f6-4c9b-8b01-072280da2df6,192,Black Cumin
black_eyed_pea,4ac3e248-936b-4ad3-893e-f551e574dd4c,193,Black Eyed Pea
black_forest_ham,4b19fe79-1799-4ce0-b7d2-f5a8cbbad321,194,Black Forest Ham
black_garlic,ed018791-95b4-4813-942d-b62da404e618,195,Black Garlic
black_garlic_puree,4623aba9-e562-4430-a8ef-da6d82599fac,196,Black Garlic Puree
black_grapes,523cdfd4-07c9-41e9-a1d6-323df8ee43ed,197,Black Grapes
black_kidney_bean,639bf4d1-fffb-4092-aaee-990957650251,198,Black Kidney Bean
black_lava_salt,5fd04964-bef4-4ba3-b532-ae4df9ca877a,199,Black Lava Salt
black_lentil,8bb453f1-b014-4393-b5fa-d9548b3efbb6,200,Black Lentil
black_mustard_seed,0b9092d0-1bb4-47d9-81bb-51d483fac146,201,Black Mustard Seed
black_olive,23c67a76-812a-44ad-a94c-4bfb5fa255ab,202,Black Olive
black_olive_tapenade,320ef0ad-7464-4346-9750-13acfacc6ac3,203,Black Olive Tapenade
black_pepper_powder,bf8ba79e-e3ee-40f3-8fa7-6832dadee7c0,204,Black Pepper Powder
black_peppercorn,d8b7f124-94b4-47b8-a034-431a7b5f6691,205,Black Peppercorn
black_plum,42226843-6a08-4b10-a10f-0dde67b5afa0,206,Black Plum
black_radish,eae9fabd-ee6b-46c4-9f0d-9be60c30963a,207,Black Radish
black_rice_vinegar,7dff7c19-680d-4770-b58d-a75b929d3bb5,208,Black Rice Vinegar
black_salsify,344252a3-c26d-4e3b-8cad-0b7bc7542844,209,Black Salsify
black_sesame_seed,bac1deb7-2c57-4f08-8176-e39534d64e8d,210,Black Sesame Seed
black_soybean_milk,7a3936a0-a777-4add-8f94-01f1a3b6b932,211,Black Soybean Milk
black_sugar,88edcda6-2d44-4856-89ae-56d99c1cd3d6,212,Black Sugar
black_tahini,a455592a-1428-4a74-8db3-e3e3dba89653,213,Black Tahini
black_truffle,2796f842-40fd-4960-8bac-d81d9dc1dd23,214,Black Truffle
black_trumpet_mushroom,d52736cf-e91e-43a3-9e40-cc7a0bcecc66,215,Black Trumpet Mushroom
black_vinegar,cf3c8170-f562-4388-810c-17085742b3a7,216,Black Vinegar
black_walnut,ab8f107a-5b98-4e07-bcfa-c9b98e17f9e5,217,Black Walnut
black_yuzu_kosho,fb5026a6-3454-4eae-892b-5b54a258bc18,218,Black Yuzu Kosho
blackberry,fa593962-8bd9-4d2c-aa16-6fe3ae35d90a,219,Blackberry
blackberry_jam,91968d1e-9471-4754-b9e3-28d13f801b99,220,Blackberry Jam
blackberry_puree,2103bc83-c87d-4c63-b861-dd8388a1aa02,221,Blackberry Puree
blackcurrant,58d7d97a-a28a-427c-88c4-e54b6ca5a4e7,222,Blackcurrant
blackcurrant_jam,7e80695b-04b1-464e-9266-f4ca6b89499b,223,Blackcurrant Jam
blackcurrant_leaf,ae8eff20-fa99-4657-a3f2-d054f07af5f9,224,Blackcurrant Leaf
blackcurrant_puree,dc73249a-d758-47dd-b91d-46fca7faa3a7,225,Blackcurrant Puree
blanched_mung_bean_sprouts,2609962f-caba-4beb-b6f2-78f8799f0811,226,Blanched Mung Bean Sprouts
blended_honey,6d6e23a0-a877-491a-baa9-dfb7f3ce84d4,227,Blended Honey
bleu_dauvergne,c3d20899-fe0f-40ae-8db1-5f61a8e5ba9e,228,Bleu d'Auvergne
bleu_de_gex,cf8e63bb-721a-4761-9bc3-6e61b03597f2,229,Bleu De Gex
bleu_des_causses,de964548-0b82-46a2-94cf-34b25c13da02,230,Bleu des Causses
bleuchatel,574f529d-e27e-4322-8838-2b4a2c426da8,231,Bleuchâtel
blood_mandarin,b3119d8b-0e96-497c-9e29-2a63f0685c43,232,Blood Mandarin
blood_mandarin_peel,978b4282-e528-4bbe-a6ae-05ccf4d69253,233,Blood Mandarin Peel
blood_orange,dd64f048-42d3-4560-89f4-a49267819289,234,Blood Orange
blood_orange_juice,266a4742-75f6-49e5-bec8-705b9329da86,237,Blood Orange Juice
blood_orange_peel,2c531838-13bf-4da0-ac74-a04535191a25,238,Blood Orange Peel
blood_sausage,9cdf5c48-61a5-44e4-b932-f9bd9f288325,239,Blood Sausage
blue_agave_syrup,736642ee-2d5a-4360-9ecb-481f5eec6fd6,240,Blue Agave Syrup
blue_meat_radish,3ed6cc7a-5508-4980-9dd8-feae3b52a3b6,241,Blue Meat Radish
blue_mountain_coffee,34e75c6d-43fb-4bda-a91c-5cfbce4ec33f,242,Blue Mountain Coffee
blueberry,9a7678d8-9617-4902-a6b3-a5c6f9e1b779,243,Blueberry
blueberry_jam,901e67a1-e3ac-48c5-8cdd-6d4a28611585,244,Blueberry Jam
blueberry_muffin,a494fa6e-1595-4aa7-894e-31a6df3e19b5,245,Blueberry Muffin
blueberry_puree,f056e3c9-e8d1-4906-8d34-ff5c6d069d5c,246,Blueberry Puree
boiled_adzuki_beans,d1a57cf3-1831-4a4a-88ff-e2d4cd6193b5,247,Boiled Adzuki Beans
boiled_amaranth,8bb96add-b9b3-473d-aac1-92d9f47d5483,248,Boiled Amaranth
boiled_artichoke,6fd4fa45-58b6-41fd-af8c-4c8c53eef355,249,Boiled Artichoke
boiled_bamboo_shoot,a09c15f5-0262-4a15-8408-76bd7c85656e,250,Boiled Bamboo Shoot
boiled_barley,ba04039f-2637-42dc-950d-345f67b437dd,251,Boiled Barley
boiled_basmati_rice,2203d78d-c38c-4839-8baf-3fc802397f43,252,Boiled Basmati Rice
boiled_beef,9ad61138-4093-4135-8cf2-6a0433e7c3d2,253,Boiled Beef
boiled_beef_tongue,3478fe78-ff98-4a8e-beb6-027be1279a84,254,Boiled Beef Tongue
boiled_beetroot,c5d5c4d4-0d00-4dbc-858a-4f33fb08a087,255,Boiled Beetroot
boiled_beluga_lentil,ed0dd711-c84c-4ab6-bf38-8961a7a60493,256,Boiled Beluga Lentil
boiled_bitter_gourd,2123c946-7592-4c22-b9a9-b1386502dd48,257,Boiled Bitter Gourd
boiled_black_beans,f86478d8-005c-45e9-bdeb-4b1af7722cb3,258,Boiled Black Beans
boiled_black_eyed_peas,26c2b414-4202-4ace-a7b9-18943a932f87,259,Boiled Black Eyed Peas
boiled_black_rice,1b720885-f06b-4d55-9a9b-7fd72cd7ae69,260,Boiled Black Rice
boiled_black_salsify,895366c5-94cb-475e-8489-5e8ef5423821,261,Boiled Black Salsify
boiled_black_turtle_beans,7172a3f5-6aa5-4df3-858d-e45bb8995208,262,Boiled Black Turtle Beans
boiled_blue_meat_radish,6e087411-189a-4fe2-8c57-3ade16a528b0,263,Boiled Blue Meat Radish
boiled_bouchot_mussels,f35c95d7-8c6f-4f84-aca9-dbcace9644c3,264,Boiled Bouchot Mussels
boiled_broad_bean,f3f3615a-5a9b-4734-8537-5d6d30aad0f8,265,Boiled Broad Bean
boiled_broccoli,e45976fa-69ad-4a9e-849d-ac68e0c1d135,266,Boiled Broccoli
boiled_broccolini,26cea2c8-7997-4cca-93c1-14bc903edecf,267,Boiled Broccolini
boiled_brown_rice,7c5c5105-1312-462c-9ee3-38b0bd770948,268,Boiled Brown Rice
boiled_brown_shimeji_mushroom,21d9733c-e303-4b67-9cfc-5b89255c6c49,269,Boiled Brown Shimeji Mushroom
boiled_brussels_sprouts,7a385dce-90e4-4db8-bd94-6e145895c994,270,Boiled Brussels Sprouts
boiled_buckwheat,a738e327-4d2a-46cb-8f13-aaf5f74dd263,271,Boiled Buckwheat
boiled_bulghur,a96351ed-9633-484d-88fb-94893c333d24,272,Boiled Bulghur
boiled_butterhead_lettuce,82e97091-051c-40e1-8804-1427e685c12e,273,Boiled Butterhead Lettuce
boiled_butternut_squash,4becfcf9-1724-45c1-be7e-2183c81bb75a,274,Boiled Butternut Squash
boiled_carrot,c3b2af96-1439-401a-bbda-a76e522a654e,275,Boiled Carrot
boiled_cassava,0bd3c8a2-7f34-4670-b4f7-a0bf65f2d402,276,Boiled Cassava
boiled_cauliflower,90fa25e3-04c5-4d4d-a6ad-24c878980e8f,277,Boiled Cauliflower
boiled_cavolo_nero,7e2f6971-00f6-4481-83b4-08b481dfa87f,278,Boiled Cavolo Nero
boiled_celeriac,5c4839e8-c69b-4537-89fb-9e859f712a30,279,Boiled Celeriac
boiled_celery,7a8e03d5-3beb-44a5-868b-c67bf15ae95b,280,Boiled Celery
boiled_chayote,565f378d-0a35-4dc5-ad8e-3af8920f121a,281,Boiled Chayote
boiled_chervil_turnip_rooted,e09b1fb9-12ec-4b25-8083-3f247e809773,282,Boiled Chervil Turnip-Rooted
boiled_chickpea,07c16b94-955e-44a4-8712-5ae3eb3128d5,283,Boiled Chickpea
boiled_chinese_cabbage,3a0867fa-10f0-4e3e-aaf6-a05f88a719fe,284,Boiled Chinese Cabbage
boiled_chioggia_beetroot,8251ae2e-07f0-4999-b283-ccc5f165d493,285,Boiled Chioggia Beetroot
boiled_chipotle,f6f55e92-c55d-4728-b2dc-36a88bfa72b9,286,Boiled Chipotle
boiled_clam,f457f551-cc1c-47ea-a1f1-52caddf59120,287,Boiled Clam
boiled_cockel,aab29835-4b90-419d-b9e2-b026c76d53c2,288,Boiled Cockel
boiled_cod_fillet,a163df46-a632-43dc-85ce-1d1321210f3b,289,Boiled Cod Fillet
boiled_corned_pork_meat,703c32fb-7531-4f27-86ac-7f2e44da6814,290,Boiled Corned Pork Meat
boiled_couscous,52931072-689b-43db-893e-bf85f6b3075e,291,Boiled Couscous
boiled_cowpea,49806eeb-334c-4924-9859-b22d6b1c92fb,292,Boiled Cowpea
boiled_cranberry,f6725659-e6d3-4178-bed1-2bd113bc8bf7,293,Boiled Cranberry
boiled_crapaudine_beetroot,4d0d11bb-6171-4658-b9e8-01042beaf651,294,Boiled Crapaudine Beetroot
boiled_crayfish,099318e2-ccde-4a76-bd4f-f87c16f729f9,295,Boiled Crayfish
boiled_daikon,fa07394e-a5ff-4427-94ff-d5564d119721,296,Boiled Daikon
boiled_edamame,59edf6e0-4d92-4fbc-969e-703fd193c157,297,Boiled Edamame
boiled_eddoes,7eead1cc-bb5b-4eef-abd9-87a4db0d78ab,298,Boiled Eddoes
boiled_eel_fillet,a8dd035a-e9b6-407d-9725-74bec29c221b,299,Boiled Eel Fillet
boiled_egg,9071ea6a-fed7-4770-9366-e71a6308e33d,300,Boiled Egg
boiled_egg_yolk,99edf5f9-9d03-4cdf-9fb9-d9b69c5a300a,301,Boiled Egg Yolk
boiled_eggplant,2d25ea47-09f4-4f7e-be41-a3504fbe744f,302,Boiled Eggplant
boiled_en_pan_fried_jerusalem_artichoke,c7ae678e-9444-4fa1-acd0-a883aabc0852,303,Boiled en Pan-fried Jerusalem Artichoke
boiled_fennel_bulb,43071888-dbc9-4ce1-8005-1fc92db5eab6,304,Boiled Fennel Bulb
boiled_flat_bean,e963e3fa-b8fb-4165-8f76-5f84c9f92a83,305,Boiled Flat Bean
boiled_frankfurter_sausage,b8215152-b0a5-4d2e-8b17-3a7b81f07424,306,Boiled Frankfurter Sausage
boiled_freekeh,b7d6c4c4-ff3e-4db7-9c8f-003e34779e18,307,Boiled Freekeh
boiled_gourmandine_potato,4f757b22-cec9-492b-a1ee-fd022f924063,308,Boiled Gourmandine Potato
boiled_green_asparagus,1f453759-089d-4ef4-90ec-72afa94bcf8c,309,Boiled Green Asparagus
boiled_green_bean,4266f869-e207-4087-b4c8-4306911d593b,310,Boiled Green Bean
boiled_green_cabbage,10d95b3c-5343-4dbc-85f9-578577f9e74f,311,Boiled Green Cabbage
boiled_green_lentil,f36b4e22-631e-4b8c-a0e0-2c5bbecb2038,312,Boiled Green Lentil
boiled_green_peas,4431d931-2dde-445c-bf9c-5efd6ffc1ecc,313,Boiled Green peas
boiled_green_split_pea,6649f995-0ea0-4ef8-96a8-8b91c3c7effa,314,Boiled Green Split Pea
boiled_grey_shrimp,99c064e2-e0ab-4be3-9a31-67bf8ff10aa5,315,Boiled Grey Shrimp
boiled_jasmine_rice,f047d56a-60f0-48f6-9c7b-2f6ea518434f,316,Boiled Jasmine Rice
boiled_jerusalem_artichoke,5927f584-5a8a-46cf-b8e9-90659988c9cc,317,Boiled Jerusalem Artichoke
boiled_kale,c5b71cd2-8dc4-44cf-b62d-f259c85ea5e4,318,Boiled Kale
boiled_kamut,6152540e-5aef-422c-bbdd-f2c1edb5fe5e,319,Boiled Kamut
boiled_king_oyster_mushroom,426debc6-30ca-4b60-b8cd-6ec2529bd5f7,320,Boiled King Oyster Mushroom
boiled_kohlrabi,a42f04d2-782e-4143-be0f-2bf00bf32076,321,Boiled Kohlrabi
boiled_korenaar_asparagus,681509f3-099f-4296-b14d-0fa4ce351bd3,322,Boiled Korenaar Asparagus
boiled_lasagna_sheet,0ee3a177-a5ae-41c9-809b-27ea35a2ff80,323,Boiled Lasagna Sheet
boiled_leek,8656cef6-d989-429a-91ff-8be851e61c5f,324,Boiled Leek
boiled_lima_bean,9105b098-e7dd-4161-ab7a-c0cbd0fb98de,325,Boiled Lima Bean
boiled_lobster_tail,387e3c75-fc92-4ad7-bc6e-fc44a4f204a3,326,Boiled Lobster Tail
boiled_long_grain_rice,79327aa4-3880-4906-b1cd-47ffbdb7a058,327,Boiled Long-Grain Rice
boiled_lotus_root,ae39825d-9a20-480e-85ef-491342bec39d,328,Boiled Lotus Root
boiled_millet,7512f122-a949-43da-b61c-a0d4dd0166ba,329,Boiled Millet
boiled_mung_bean,df080d78-ed2e-4f74-9edd-3c3fef7b1690,330,Boiled Mung Bean
boiled_mussel,16eddfeb-d0a1-4e71-ac83-949bcc836fd0,331,Boiled Mussel
boiled_oca_de_peru,7dec9cc1-883c-425b-afac-3b80be6af0be,332,Boiled Oca de Peru
boiled_octopus,9cd3c7e5-66ce-401b-a6f8-8852d59575ac,333,Boiled Octopus
boiled_okra,f7172337-caa3-4579-9682-9d866858cc8b,334,Boiled Okra
boiled_orange_bell_pepper,db0e0653-f329-4ad2-8b10-efbd86845ea8,335,Boiled Orange Bell Pepper
boiled_pak_choi,514966e7-4e3d-435a-964a-7f7f987bf2ac,336,Boiled Pak Choi
boiled_parsley_root,2fa47d4d-1191-476a-9843-a1936b252256,337,Boiled Parsley Root
boiled_parsnip,1db79b23-3c3e-4340-97a9-8282b5e0f333,338,Boiled Parsnip
boiled_pasta,2a96b83e-44f1-49e5-95f8-addf7eab2a2f,339,Boiled Pasta
boiled_pearl_onion,2ac7acb2-d411-42de-95c2-24729a1eb3e9,340,Boiled Pearl Onion
boiled_pine_mushroom,fbb54a69-7498-475c-924e-f3f0b5acc74f,341,Boiled Pine Mushroom
boiled_pink_meat_radish,d2ec13bf-126e-4416-bf76-e500759e6e25,342,Boiled Pink Meat Radish
boiled_pinto_bean,73086b10-2be9-4eee-bb5b-05816ddf74f4,343,Boiled Pinto Bean
boiled_pointed_white_cabbage,78159a1e-0466-4cb2-bdfd-fa86006f27b8,344,Boiled Pointed White Cabbage
boiled_pork_ham,da11a1a3-27da-4932-b09d-5101a32e39c2,345,Boiled Pork Ham
boiled_potato,ea654f28-562d-4852-9f7a-d1f685c0e240,346,Boiled Potato
boiled_prawn,cf569391-5451-4a2c-8208-4d655a705195,347,Boiled Prawn
boiled_pumpkin,378360df-63f2-4c26-800c-be2f6ecebc83,348,Boiled Pumpkin
boiled_pumpkin_leaf,2ad87cc6-20c1-4221-8501-6a7dcb8ab546,349,Boiled Pumpkin Leaf
boiled_purple_carrot,a81d5931-ff1c-4d32-bbcc-404f46ffcc64,350,Boiled Purple Carrot
boiled_purple_sweet_potato,6c9cd926-e1d2-4d02-b7ff-c2c4cf2b1a7d,351,Boiled Purple Sweet Potato
boiled_quince,7e0d4fa4-37cb-402a-8237-85dc8f1e4b74,352,Boiled Quince
boiled_quinoa,6581af3e-d82a-4290-b964-872e20ad6406,353,Boiled Quinoa
boiled_red_bell_pepper,ce451c8b-47d4-4ad7-af7b-73b5a63954d2,354,Boiled Red Bell Pepper
boiled_red_cabbage,50d2fc6a-82f0-4666-991f-aaea081e8a18,355,Boiled Red Cabbage
boiled_red_kidney_bean,744432ad-5cd2-4d97-84c9-a9804381c2a1,356,Boiled Red Kidney Bean
boiled_red_lentil,718b9fd1-f767-4a2b-8fa7-16d694f64f98,357,Boiled Red Lentil
boiled_red_meat_radish,c0c904e3-26ce-4586-b0fb-832d43254991,358,Boiled Red Meat Radish
boiled_red_pointed_cabbage,8aa345ee-88ea-4325-aad9-6f0f3580cf03,359,Boiled Red Pointed Cabbage
boiled_red_quinoa,c9a65af8-ffd5-45c6-b35b-29bc0f1fca85,360,Boiled Red Quinoa
boiled_red_sweet_potato,25622d85-25dd-4cca-8ca8-096532dfb478,361,Boiled Red Sweet Potato
boiled_rhubarb,fc42f442-cbb0-437e-9ac4-0f21b5d8cfd1,362,Boiled Rhubarb
boiled_rice,c3e737e5-8812-4d29-9640-1e04583f2ee4,363,Boiled Rice
boiled_romanesco_broccoli,9a0724d3-a0b6-43bc-8e56-7b2b52592e0a,364,Boiled Romanesco Broccoli
boiled_rutabaga,5ec18235-1448-4943-a52a-3004cbf0207b,365,Boiled Rutabaga
boiled_rye,5938cf58-2af3-41d2-952e-e469593f81b8,366,Boiled Rye
boiled_salted_soybean_snack,26de0037-4003-4a6d-bf48-ee9bbd91730b,367,Boiled Salted Soybean Snack
boiled_scallion,7e71fc70-6a19-49b7-a139-a75e36d3de8d,368,Boiled Scallion
boiled_shanghai_pakchoy,2c7a9a53-4d5e-493e-820f-38823fa67509,369,Boiled Shanghai Pakchoy
boiled_smoked_bacon,a59834a3-693d-489a-83d9-ab6b56f5610d,370,Boiled Smoked Bacon
boiled_smoked_black_chorizo,fa6bd032-249d-4cdc-b4fe-3f1a2713007c,371,Boiled Smoked Black Chorizo
boiled_snow_pea,fee6d1f4-6c1e-4b0a-bb16-60fe6784ecbe,372,Boiled Snow Pea
boiled_soba_noodles,6aa2b50a-bd54-4408-9b9c-be96623deaac,373,Boiled Soba Noodles
boiled_soybean,271e3d4c-ecdd-4e34-8e29-2086789f7ff9,374,Boiled Soybean
boiled_spelt,e3ea9d70-0548-442c-97c2-3de6e5dc2989,375,Boiled Spelt
boiled_spiny_lobster,fac2246d-cb3d-40de-adae-7142c650802a,376,Boiled Spiny Lobster
boiled_straw_mushroom,4cfbf09a-c44d-445b-ae64-dc26f9f9f7d2,377,boiled Straw Mushroom
boiled_sugar_snap,ae527e9f-4398-4155-b5fb-4fea9baa9ffe,378,Boiled Sugar Snap
boiled_sweet_corn,846e22b0-99c4-4e6f-afc3-c85c9cd7bd5e,379,Boiled Sweet Corn
boiled_sweet_potato,14349695-9dc6-4833-8358-32e0d1ddbb16,380,Boiled Sweet Potato
boiled_teff,4493bd33-8b93-4f31-99f2-27543571eb48,381,Boiled Teff
boiled_tomatillo,75481cc3-1349-4508-9f10-6059585611c0,382,Boiled Tomatillo
boiled_trout,019d00d3-6511-4cf1-8246-787e4db1e23a,383,Boiled Trout
boiled_turkey,8e4aae9d-eab8-4727-b5c3-ea67ca311c2e,384,Boiled Turkey
boiled_turnip,fb629777-40e2-43a9-8b82-81a4bc9f0dfa,385,Boiled Turnip
boiled_veal_tongue,09ad69fe-7386-49db-88a6-998ac21836e4,386,Boiled Veal Tongue
boiled_vitelotte_potato,69a74bd2-3faa-4159-9d5b-b5b04131ec2f,387,Boiled Vitelotte Potato
boiled_wax_gourd,572afba9-1411-4a29-856d-7ab127ddc176,388,Boiled Wax Gourd
boiled_white_asparagus,3ca5c4dc-ec68-4717-94bc-840ecd129eb4,389,Boiled White Asparagus
boiled_white_bean,8fe1e6df-caa9-4166-982d-c4ae34aab32f,390,Boiled White Bean
boiled_white_cabbage,c2583373-b375-468d-ab62-7d57a65a020b,391,Boiled White Cabbage
boiled_white_icicle_radish,48e1d90e-45b9-4434-b437-0c79a39b7ba6,392,Boiled White Icicle Radish
boiled_white_shimeji_mushroom,5aa341c0-142d-457e-9160-bb8d52996479,393,Boiled White Shimeji Mushroom
boiled_wild_rice,ad8636d9-07ac-4339-b782-3f65d7b6957c,394,Boiled Wild Rice
boiled_yardlong_bean,312d5e5d-bd8b-46b0-92ff-277e9170f0d3,395,Boiled Yardlong Bean
boiled_yellow_bean,69b02873-56cd-4853-94c8-1537b21baa27,396,Boiled Yellow Bean
boiled_yellow_beetroot,4975b7e7-6b61-423a-92b9-ea6d6d4af9cf,397,Boiled Yellow Beetroot
boiled_yellow_carrot,dd313199-8fea-4cf7-9d36-2fd57b17f842,398,Boiled Yellow Carrot
boiled_yellow_split_pea,f4971006-04c6-4dac-a4ca-ed8239971a56,399,Boiled Yellow Split Pea
boiled_yellow_turnip,0bdb475a-9c60-4f79-aa15-dd2f6e40ad44,400,Boiled Yellow Turnip
boiled_zucchini,9fcec0cd-6ab0-42e6-bd7d-621431fc8f27,401,Boiled Zucchini
bok_choy,42ef36b7-fe7d-48eb-98f3-f7c18558bf71,402,Bok Choy
boldo_leaf,b596b214-ce58-46a7-b7d5-a4612bae286a,403,Boldo Leaf
bologna_sausage,c499e03c-8c24-4344-a97b-1034e046f77a,404,Bologna Sausage
bomba_rice,a69946cb-f6dc-4d97-b6c3-48980b6a6ed2,405,Bomba Rice
bone_marrow,83c50ac6-fd56-40ca-9e74-c7385b609a71,406,Bone Marrow
bonito_flakes,afc9bc0a-ff29-41fa-aa7b-448688a39416,407,Bonito Flakes
borage,5f4e53ad-2489-436b-8927-f81cc7fc5d93,408,Borage
borage_cress,8a554e49-5a76-4322-b6c3-8abcfc320a94,409,Borage Cress
borage_flower,795e11b1-0e64-45ed-829d-43d8e1231bf7,410,Borage Flower
boskoop_apple,0ab2e22e-b8db-411c-b7d8-95d0ea36dc2c,411,Boskoop Apple
bottarga_412,00da0ab5-3555-40f3-884a-5ecf9aedcdd0,412,Bottarga
bouchot_mussel,64860c3c-cbb5-44ff-a8af-270b7fc94c0b,413,Bouchot Mussel
boudin_blanc,76ac023e-61b1-43f1-ab54-dd1b996bbde6,414,Boudin Blanc
boule_de_berlin,9849ea09-3980-4c2c-9f66-014b2b9a5b32,415,Boule de Berlin
boule_des_moines,fb1bf57a-5140-4061-b4e9-adee3c2a1e05,416,Boule des Moines
bouquet_marmite,a379ffe3-0ee7-414b-9ae8-346eefa0a096,417,Bouquet Marmite
bouquete_garni,9fa57b1f-2845-41d0-87fc-72815f4c676b,418,Bouquete Garni
bourbon_four_roses,a711c235-8b08-46c8-9d85-6cb286a116f9,419,Bourbon 'Four Roses'
bourbon_vanilla,a3ac253d-f595-4a43-8590-b7e048a381a6,420,Bourbon Vanilla
bourbon_whiskey,777b6afc-f547-4949-aaf6-221737ce9b73,421,Bourbon Whiskey
bouton_de_culotte,77b4d60f-3c0c-41db-b27d-62d54ef38693,422,Bouton De Culotte
boysenberry,a0a4b761-0a0d-4cce-a874-075de6b8c4c6,423,Boysenberry
braeburn_apple,4c9c5901-01c3-43f8-b858-b6d48d9fc067,424,Braeburn Apple
braised_atlantic_wolffish,239079e8-1039-4b88-8ca5-ea9e177b367e,425,Braised Atlantic Wolffish
braised_beef,2d12e847-ba90-4b81-ab5d-f7ed6e1062e1,426,Braised Beef
braised_beef_chuck_pot_roast,5cbb6dc7-ce66-4f25-b952-3fe25d130e27,427,Braised Beef Chuck Pot Roast
braised_belgian_endive,0c484d2e-9378-4936-ac5f-6299ed5363bf,428,Braised Belgian Endive
braised_cavolo_nero,baa26053-2c9d-47e4-a194-f567d526e581,429,Braised Cavolo Nero
braised_chicken_breast,1bb021e4-a1d1-4e2d-a31e-82d84e88e97b,430,Braised Chicken Breast
braised_chicken_drumstick,1b7dc604-9cb4-459a-bb69-d52590aa62ff,431,Braised Chicken Drumstick
braised_chicken_liver,129c7092-4ea4-4ceb-8deb-e17c3b6f4d6e,432,Braised Chicken Liver
braised_chicken_thigh,b90630f7-c4cd-410a-872b-b5f8c63695d1,433,Braised Chicken Thigh
braised_courgette_flower,a17e8a34-a2fd-42cc-81f1-a4f7cba6e4ac,434,Braised Courgette Flower
braised_duck,f8a128e6-1376-421c-8a60-f60491bc5de3,435,Braised Duck
braised_haddock,09733e57-554f-4475-8e4e-4092e28041bd,436,Braised Haddock
braised_italian_pork_sausage,777018b4-92e6-4aed-b044-20a7a862043e,437,Braised Italian Pork Sausage
braised_lamb,41ea116e-eaeb-40e6-9287-ce9cc71caf7c,438,Braised Lamb
braised_lemon_sole,0f14c73d-24aa-419a-b40e-5de84bd9507e,439,Braised Lemon Sole
braised_ling,96f2de31-3da8-47a6-9909-49c68ea0d544,440,Braised Ling
braised_pearl_onion,3e2485b3-852d-408d-b55e-18c1a937b9e1,441,Braised Pearl Onion
braised_pork,6c1a079a-2857-4226-8f42-48fb8ee17178,442,Braised Pork
braised_pout_whiting,962a369c-7e04-464c-8dca-a9b0c3a4206e,443,Braised Pout Whiting
braised_small_spotted_catshark,9f6f156e-e408-4d7b-b465-b044282905be,444,Braised Small-Spotted Catshark
bratwurst,bfef78c6-fd10-44ea-ad3d-13b537716537,445,Bratwurst
brazil_nut,08d2980e-1ddb-4b19-9f54-2b1ea5a9e09a,446,Brazil Nut
brazil_nut_butter,8d866432-703b-4f36-aae0-0057dbff4da7,447,Brazil Nut Butter
bread_crumb,31d6fb66-2453-4bed-9cab-57b34615e73b,448,Bread Crumb
breaded_beef,97aa45ed-729e-4b87-9913-f8fda633fdb5,449,Breaded Beef
breaded_pork_cutlet,5de55854-3b85-4559-8f74-0ba5cc99cdaf,450,Breaded Pork Cutlet
breadfruit,d1f522dd-46c8-4b21-9d13-17b964222ec4,451,Breadfruit
breadstick,fe6272f6-e6b7-4af8-b80e-a376258f754c,452,Breadstick
bresaola,8a382d23-a03e-4a6a-9218-f1b83a6dfae9,453,Bresaola
bresse_chicken,542734ed-6ef9-401d-aa53-79b1f3698011,454,Bresse Chicken
brie_de_meaux,f7a7e686-b043-43b8-a10d-1ed227ff821b,455,Brie de Meaux
brik_dough,69848738-ea0c-42dd-8f2a-29c19b81e90c,456,Brik Dough
brined_grape_leaves,41b1c726-5639-44e3-96a8-b4d78250ed9e,457,Brined Grape Leaves
brioche_458,4085a841-041c-41d8-bbf6-959c41bf48be,458,Brioche
broad_bean,2f85ae42-78cf-4a13-b88d-fa27e0d65591,459,Broad Bean
broad_leaved_endive,680e1747-e014-40d4-a712-d8af7cbb2ed6,460,Broad-Leaved Endive
broccocress,8f0d66a4-2be8-4a62-a09e-c461a581dd7a,461,Broccocress®
broccoli,a20705f9-e2ed-421f-9770-d4bd43fb749b,462,Broccoli
broccoli_rabe,ce2476c8-200d-46e7-bfd0-29df1a5063ed,463,Broccoli Rabe
broccoli_rice,fadb149f-421f-44a9-8e82-41e23811fd05,464,Broccoli Rice
broccoli_sprouts,78451f7e-675f-44ef-8b52-dab8e6f09c46,465,Broccoli Sprouts
broccolini,a6218378-4505-4abb-ad15-553dd16777c9,466,Broccolini
bronze_fennel,be51ed0e-3c0f-4a61-ba12-a9ed09aea0d0,467,Bronze Fennel
brown_bean,b6d1956c-acf3-411b-bc64-1746af5e87b8,468,Brown Bean
brown_beech_mushroom,601911d5-6f94-4ca5-8cd7-ef6daaf70d4d,469,Brown Beech Mushroom
brown_cane_sugar,67e7f61f-86a3-4674-adee-5b1c3b078ba5,470,Brown Cane Sugar
brown_chanterelle,91e1d3f6-fae9-4db3-a7bb-2527dc5c9be5,471,Brown Chanterelle
brown_cheese_brunost_flotemysost,3d089dcb-a5c1-4697-9b38-ae905c2bdcde,472,Brown Cheese (Brunost-Fløtemysost)
brown_crab_meat,0f8f9d6f-5482-4cc8-8ebf-61af07e83a85,473,Brown Crab Meat
brown_dried_apricot,43f80f58-e3af-483c-8d90-09b1061cdce3,474,Brown Dried Apricot
brown_lentil,59ec7673-6d5d-4e3e-b394-4f85afaceb43,475,Brown Lentil
brown_mustard_seed,0597c6da-9e78-4717-acae-d7865a43a3fa,476,Brown Mustard Seed
brown_mustard_seed_powder,f52e4bfb-c3af-46ee-b44b-b36e5e4b406d,477,Brown Mustard Seed Powder
brown_rice,b4b5f048-8eb9-4466-810f-dd610d195276,478,Brown Rice
brown_rice_miso,33cb80ea-164b-4792-ae65-61a19b149b8e,479,Brown Rice Miso
brown_rice_oil,96f4770f-b770-4a17-a3bb-4c6c060d3f3c,480,Brown Rice Oil
brown_rice_vinegar,9eebff87-5eb7-4d3d-b674-df0d28932af4,481,Brown Rice Vinegar
brown_sugar_molasses,29e1a1ca-38c9-4751-bb5e-560a07b24fee,482,Brown Sugar Molasses
brownie,5c1a2520-1be4-4ead-8a18-9ec421e06873,483,Brownie
bruschetta,2d7605d2-df9e-4b73-87b1-bcc2de75870d,484,Bruschetta
brussels_sprouts,7e7d161c-bda4-422d-918c-da66814e487c,485,Brussels Sprouts
buche_de_chevre,37bba12e-6730-438c-9b71-63dcb4e1c395,486,Buche De Chevre
buckwheat,4aba0991-a981-443c-abf8-f1b39466206a,487,Buckwheat
buckwheat_bread,940a160a-517a-47bd-8f3b-b9325f9c8253,488,Buckwheat Bread
buddhas_hand_489,00196228-f079-4b92-ab0d-141aba193a89,489,Buddha's Hand
buddhas_hand_zest,29497c02-a3f7-480f-925f-ecf1ce0ac96d,490,Buddha's Hand Zest
buffalo_milk,d533f727-0ae8-4fd0-a7de-2e172dc3b2d9,491,Buffalo Milk
buffalo_mozzarella,3ba13517-ba04-46f1-bb3d-9021d2b83215,492,Buffalo Mozzarella
buffalo_sauce,3d97bc58-fb96-470f-bf31-8db2ed81242d,493,Buffalo Sauce
buffalo_seasoning,09b3da04-486e-40a8-bd03-43f92b2fe6f3,494,Buffalo Seasoning
bulb_onion,a0f0a4b6-1602-423a-a943-602f4df246ff,495,Bulb Onion
bulgarian_yogurt,9adaf1ca-a601-46da-89ea-865176f53cc8,496,Bulgarian Yogurt
bulghur,2721ff93-d8e6-478e-81b2-c72daad4f09e,497,Bulghur
bulgogi_seasoning,e03d59e4-821d-4205-8972-be0fb3aa50e2,498,Bulgogi Seasoning
burnet_flower,44b8631d-37a0-4604-b091-11ff3326ea77,499,Burnet Flower
burnet_leaf,bcbf2b3f-7874-4614-853b-dbeb022b3e82,500,Burnet Leaf
burrata_501,e4c7a21a-d00f-4e0b-b353-c1c171a2e9bf,501,Burrata
butter_502,ac7feb82-84df-4691-a55d-61eb1803305b,502,Butter
butter_cake,64e6b3a0-82e0-41f2-adae-ae298a71052e,503,Butter Cake
butterhead_lettuce,fa34e8bd-facb-4b31-b4c2-ad0d35dfc6bf,504,Butterhead Lettuce
buttermilk,30c716ec-e35f-43b8-9064-2026d51d56a7,505,Buttermilk
butternut_squash,492656c4-8f5b-40a1-bdc7-7d2354acf98e,506,Butternut Squash
butternut_squash_puree,dde32554-6782-4b3e-81be-c0313e3fde77,507,Butternut Squash Puree
byadagi_chilli,dd52196f-3f8a-427e-859d-3d2cc9f7b002,508,Byadagi Chilli
cabbage_shoot,ff154cba-97ff-4f3f-9a54-821516a72f31,509,Cabbage Shoot
cabernet_franc,dccb5986-ad54-4ec0-b3c2-f13df41320bd,510,Cabernet Franc
cabernet_sauvignon,bd4ec6f2-a9a1-49aa-89ed-14c9192fd9a0,511,Cabernet Sauvignon
cabernet_sauvignon_vinegar,0bfc940e-7cd7-474e-ae74-138dd2e8822a,512,Cabernet Sauvignon Vinegar
cacao_fruit,1ccad9fc-005d-477d-8148-ee9e4bf1550f,513,Cacao Fruit
cachaca_51,53fc2aa0-06ca-403c-a0e5-62a5e6125b62,514,Cachaça 51
cactus_leaf,527ce574-e97a-4f20-a183-5c956fefff80,515,Cactus Leaf
cajun_spice_mix,45822440-fafb-4b7b-953a-bfc5f8c6ee11,516,Cajun Spice Mix
calabaza_squash,119651f6-a281-424c-9028-fde205afcf33,517,Calabaza Squash
calamansi_518,40403d79-ce22-4bd2-9743-67141e5759bf,518,Calamansi
calamansi_peel,85dfc3a6-ba5e-43ec-8631-f7618f410112,519,Calamansi Peel
calvados_520,6f210881-d125-43c5-a293-eed4e16720cf,520,Calvados
cambozola,54b9f2f7-a02a-445a-b42f-346757804d23,521,Cambozola
camu_camu_522,5b0717fb-48b5-487d-b25f-2f0e8e3bce4d,522,Camu Camu
candied_yuzu_peel,f54ecc5c-4abd-4d2b-91d0-a2c386366d87,523,Candied Yuzu Peel
cane_sugar,9ab2b48f-9b45-4904-bfe7-2243379d02ea,524,Cane Sugar
cane_vinegar,a8d5b451-b1b0-456c-8f54-eb532e0ed6bd,525,Cane Vinegar
canele,d70b6662-52aa-4cfc-956a-5497a0710e2f,526,Canelé
canihua,6356b083-132b-49c4-902f-c9f1d2ce6876,527,Cañihua
canned_artichoke,abc4863a-f0c9-4fa6-a0ac-e7a60bbbc15d,528,Canned Artichoke
canned_bamboo_shoot,8bc645c6-6d03-46a9-bad4-95970b518983,529,Canned Bamboo Shoot
canned_beetroot,14b98966-d75e-4f14-84a9-278b69b76b78,530,Canned Beetroot
canned_beluga_lentil,54346235-da43-4906-b3d2-d8e4f993fdb4,531,Canned Beluga Lentil
canned_black_beans,3cd0ebb5-7ad1-424d-ad70-2e6892cef66d,532,Canned Black Beans
canned_black_eyed_peas,685f87c3-d8c9-4509-9459-0bdc47f836d1,533,Canned Black Eyed Peas
canned_brown_lentil,142a0bab-82a7-45f0-87d1-6991c7a16cf2,534,Canned Brown Lentil
canned_cannellini_beans,34eb65a9-f91a-4079-8c49-0702a6758289,535,Canned Cannellini Beans
canned_chickpea,fdff02f7-901e-44bb-ad3a-49384ace9f2c,536,Canned Chickpea
canned_chili_pimiento,b3b7d89d-656e-4b15-8040-6f5521e69b8e,537,Canned Chili Pimiento
canned_chipotle_in_adobo,8d329f50-029e-481f-8ea9-03c5e68528f7,538,Canned Chipotle In Adobo
canned_chopped_tomatoes,dcdd8c68-9c9d-4696-b31c-71105cf888a5,539,Canned Chopped Tomatoes
canned_flageolet_bean,5f683728-1b41-4894-b2ae-ba5578387390,540,Canned Flageolet Bean
canned_green_bean,7d8bc7b3-0a5c-4880-b2a0-1959b17b2a84,541,Canned Green Bean
canned_huitlacoche,e505011c-4bf9-45f5-8b8d-d87bf0aa1ead,542,Canned Huitlacoche
canned_lima_bean,c53a84b3-a069-40d1-bf53-7e13c6dc0295,543,Canned Lima Bean
canned_mussel,604668c6-a6d1-4488-ae0b-77206508e71b,544,Canned Mussel
canned_palm_heart,ac4ef071-e762-4efb-81fc-ecabb7db6618,545,Canned Palm Heart
canned_papaya,061f488c-eda9-4596-b7dc-96be6c91ea94,546,Canned Papaya
canned_pineapple,d421bedc-93c2-42b8-af86-e7752d20ff9c,547,Canned Pineapple
canned_pink_salmon,3e79c68f-5ea9-47ef-b94d-c587006fa9e8,548,Canned Pink Salmon
canned_pumpkin_puree,e90b4ed0-64eb-41eb-b7e0-55eee87297fa,549,Canned Pumpkin Puree
canned_red_kidney_bean,2cc567c1-332f-47b7-98f4-cb1affa5d827,550,Canned Red Kidney Bean
canned_sockeye_salmon,8890aa14-153d-43af-b4bc-580a7d07406a,551,Canned Sockeye Salmon
canned_tomatillo,a3a83a16-b1e2-4b10-a7ee-3456604cf140,552,Canned Tomatillo
canned_tomatoes,ee21515f-ab76-40a6-ba60-0a807ae5d2ed,553,Canned Tomatoes
canned_tuna,f4b33177-f5af-4f0b-93da-d725af04b2be,554,Canned Tuna
canned_water_chestnut,5a23cd01-5474-4808-bc9f-0836be3cb32e,555,Canned Water Chestnut
canned_yellowfin_tuna,054a42b5-c190-45ef-9563-2aa6aa67e67a,556,Canned Yellowfin Tuna
cannellini_bean,08a52f65-981e-4f8f-bfd6-1612980470eb,557,Cannellini Bean
canola_oil,ad129bcf-aee7-44eb-ac95-01395f2f88b8,558,Canola Oil
cantal,3153adad-d941-4fe7-81df-cb1d4cca0c49,559,Cantal
cantaloupe_melon,28897411-fbdb-4b19-b942-dbf9adc78191,560,Cantaloupe Melon
cape_gooseberry,ec892711-c5fd-4e23-b3ab-6371df5c2d91,561,Cape Gooseberry
cappuccino,a94de17b-1a42-4ea8-9abe-00ab2a3fcd09,562,Cappuccino
cara_cara_navel_orange,b5cf499f-9c8d-4ce3-b79a-2d9b43367b19,563,Cara Cara Navel Orange
cara_cara_navel_orange_peel,76d923f2-ab85-4a10-92b0-a6440f925004,564,Cara Cara Navel Orange Peel
caramel,a9d8bc26-c84a-44fa-95bb-443066a75bdb,565,Caramel
caramelized_belgian_endive,7012d271-d3a8-4dab-a450-f0466e022eda,566,Caramelized Belgian Endive
caramelized_onion,94025984-2c53-461c-9f97-4e1abcee9b91,567,Caramelized Onion
caramelized_shallot,f1f73eb7-baf0-4a7b-861a-a7339240af4e,568,Caramelized Shallot
cardamom,efd458b8-2686-4b50-8c4c-06754feae261,569,Cardamom
cardamom_leaf,c578a1df-97b7-4b6f-9a11-935d7853f1a6,570,Cardamom Leaf
cardoon,b7f800fa-b0f4-4c7e-bfa4-ee438fac4a56,571,Cardoon
carliston_paprika,5f2afb48-75fb-411c-8c82-bbf97c0c7ad6,572,Carliston Paprika
carnaroli,d02ce6ff-7370-40f8-a8a5-97e73cd2fef5,573,Carnaroli
carob,7ce9ea75-20f2-41bc-b689-0fb12417e2e2,574,Carob
carolina_reaper_chilli,3c2fcdff-99a1-4692-ba9c-411b7b257003,575,Carolina Reaper Chilli
carrot,395f8243-a6f8-47df-8796-5766d706b2c0,576,Carrot
carrot_walnut_cake,f43cecd7-2df6-417a-9612-1427fab523e1,577,Carrot & Walnut Cake
carrot_puree,3ee92d31-841b-45ab-ad39-073e513799a3,578,Carrot Puree
casaba_melon,b748c7c6-b949-4cae-a23e-d4bdd912b770,579,Casaba Melon
cashew_apple,575622dc-4ab6-4d98-9fe0-19537b706494,580,Cashew Apple
cashew_butter,ab0974b3-bf57-43da-ac2c-7bcbfba09c6a,581,Cashew Butter
cashew_drink,339848d6-6c00-44cf-aeef-6c8868b5c010,582,Cashew Drink
cashew_nut,23a6da9a-1204-4c47-b197-21946e68d44b,583,Cashew Nut
casino_bread,dea88110-0120-41dd-8b0c-899215b3baf0,584,Casino Bread
cassia,4a8cfd37-4c1d-466d-bbfc-a40a958c0566,585,Cassia
cassia_leaf,548d4401-91f0-40b3-a7bd-4de25bb00491,586,Cassia Leaf
castella,0d6e0eec-ab22-4c0a-968b-7004486bf8ef,587,Castella
catjang,76dad572-fb31-4b0e-83b7-93782bba444e,588,Catjang
cattley_guava,932a7943-a42d-428d-9808-a265bb728926,589,Cattley Guava
cauliflower,45462117-93dd-41c3-8710-1169f6f780c3,590,Cauliflower
cauliflower_rice,07b0b603-9aa3-43a5-a574-f7b8b7525174,591,Cauliflower Rice
cava_592,fbecf6ed-5124-46d1-89b1-cca3e5b353a6,592,Cava
cavendish_banana,1fb2e525-a049-4720-94d1-a55cb165a49e,593,Cavendish Banana
caviar,c56c979c-bedd-4dc5-872b-63bc0d213a34,594,Caviar
cavolo_nero,848c1754-2ffc-4e55-8d3c-bc6aee403d82,595,Cavolo Nero
cayenne_pepper,c6ae6c74-0b7e-4733-aa8e-a0050b100741,596,Cayenne Pepper
cayenne_pepper_powder,97639344-6439-4fbf-ad5f-e0d85081d7be,597,Cayenne Pepper Powder
celeriac,534b5ec8-7291-4876-bf82-a1a8ce86c1b1,598,Celeriac
celery,d82d5cb9-6bac-47bc-a7f0-c28d036fbf8c,599,Celery
celery_leaf,6aab1609-3686-4389-9b8b-366157978051,600,Celery Leaf
celery_salt,ab0a682f-4d73-4c34-bc34-2a35efb516f9,601,Celery Salt
celery_seed,7faa2ea6-d0f1-48d0-8cfc-8eb4b04cb1a1,602,Celery Seed
celtuce,febe3d88-5945-4d39-8be4-a99f3ee23e6c,603,Celtuce
cempedak_604,aad7f84a-d5c4-47ea-bc6c-b18e7d32c689,604,Cempedak
century_egg_yolk,c136368e-42aa-4e10-8429-a9bac0879998,605,Century Egg Yolk
cep_mushroom,9c8b1d49-5350-4fed-9a7d-7b0a894d7892,606,Cep Mushroom
ceriman,fa63e7f6-655c-4543-9fa3-79cbaa0ba6b2,607,Ceriman
ceylon_cardamom,59fff5bd-06da-4864-95d9-c7cf2fc1e01a,608,Ceylon Cardamom
ceylon_cinnamon,c01eca8d-3115-4e0b-b06f-d3076296af83,609,Ceylon Cinnamon
ceylon_green_tea,6bbcf22e-5980-4a46-bf5a-7ebe6e4063d8,610,Ceylon Green Tea
ceylon_tea,33650c7d-eb36-4002-8f07-aeff2844dd3b,611,Ceylon Tea
ceylon_uva_tea,4d97fcbf-1532-48df-b993-b6770638727c,612,Ceylon Uva Tea
ceylon_white_tea,7abf796c-fc50-425d-ab12-b6a9f577f6e2,613,Ceylon White Tea
chaat_masala,1b5f04b3-78b1-4f7e-9705-66bca9e7ea76,614,Chaat Masala
challah,095cd921-3ef2-4b94-8462-31bf7725f931,615,Challah
chamomile,6987a0c8-0bdc-4d44-b368-dbe6ec0b19dd,616,Chamomile
chamomile_tea,cd977ec6-d59d-413d-bd8d-d9e0832e730d,617,Chamomile Tea
chamoy_sauce,4bf10dd4-bd83-4ac8-b821-3d61db95cd8f,618,Chamoy Sauce
champignon_mushroom,fa23f37b-7c99-4bcf-96e5-fa8b38e70453,619,Champignon Mushroom
chapati,eb93b0b2-8a85-4b5d-8483-fd3e34a18f0c,620,Chapati
chard,73a2579c-4559-48bf-945a-2946fc0e6183,621,Chard
chardonnay_wine_grape,30e285ff-d4df-449b-8931-1c9fbf1468c6,622,Chardonnay Wine Grape
charentais_melon,2a9fd521-50e5-418d-821c-5a26717b108e,623,Charentais Melon
charlotte_potato,1d997105-0692-42e1-b4ae-945dbd5cc8e9,624,Charlotte Potato
charolais_beef,753d1460-1be6-43d1-b9d9-3eeebc184664,625,Charolais Beef
chayote_626,2c9be9e0-5655-4503-a2c6-50124059b8b9,626,Chayote
cheddar_627,c3bc9d33-7041-4d71-b148-91a57920a11d,627,Cheddar
cheddar_red_storm,8c5fb869-2bd1-42f4-a2ee-96a3c9045cef,628,Cheddar Red Storm
cheddar_rock_star,b8056e59-4ee5-48bc-b0d0-6faed24456d0,629,Cheddar Rock Star
chee_hou_sauce,e1b00f3d-34dd-48a8-bbaa-bceaab8021f9,630,Chee Hou Sauce
cheese_fruit,e8cd7578-285c-4f7e-9c68-73a651d6c5d4,631,Cheese Fruit
cheesecake,0ef52910-7f7f-413e-9672-c06a28b54ea6,632,Cheesecake
cherimoya_633,554eb128-db73-4399-bba7-a4e698550a2d,633,Cherimoya
cherry,cbc793bb-3e33-4f59-8b8e-4ab124fd3d66,634,Cherry
cherry_blossom,fd89f026-cfa3-4bb7-8c1e-746d072bc0c1,635,Cherry Blossom
cherry_in_syrup,e32c6509-041b-44a0-85a6-278db546a80e,636,Cherry in Syrup
cherry_puree,2e3bcac3-e18f-4221-b4e7-fde3533c67ab,637,Cherry Puree
cherry_tomato,5c6df2e1-aa3f-4004-a962-39d70803e860,638,Cherry Tomato
cherry_vinegar,29db62e6-9557-4c86-aa35-1e84cbef1db6,639,Cherry Vinegar
chervil,417a05e2-c2e8-4599-a5a6-1d110faf96ba,640,Chervil
chervil_turnip_rooted,de569b22-8607-4ea6-b09e-cc763db59983,641,Chervil Turnip-Rooted
chestnut_honey,30ba9f14-54d3-446e-849d-bf0c5b8f664a,642,Chestnut Honey
chestnut_puree,a289164b-9067-4dc4-9cd7-6ba8f1b97c84,643,Chestnut Puree
chevre_frais,f03e48b8-5ad2-4ffe-be88-c2b93a6dc511,644,Chevre Frais
chi_gan_tea,466d151a-63d5-4ca8-b178-9fb2d6210f42,645,Chi Gan Tea
chia_seed,ed1698f0-5045-47f3-819c-ac790424bc09,646,Chia Seed
chicken,8745261e-9a98-4bd8-981a-22833c6f070d,647,Chicken
chicken_broth,dff70106-52ec-4b0a-b5c3-1ea2bdda33e8,648,Chicken Broth
chicken_egg,0e5a2d34-f1c2-4db9-be34-d0e3c122dc85,649,Chicken Egg
chicken_fond,b1f3550b-2d07-4830-83ba-24c3f733fc25,650,Chicken Fond
chickpea,414df638-7f32-49c0-9a48-9478e0a090de,651,Chickpea
chickweed,582a95b5-2923-471f-9412-333513e803ed,652,Chickweed
chili_arbol,cbc59c54-595f-4116-ba1f-479097e45212,653,Chili Arbol
chili_bean_sauce,6f28f2ce-a8e1-4f3e-ab37-5701145ea2d3,654,Chili Bean Sauce
chili_birds_eye_655,83c00fbb-a6e9-4915-b380-07f4a9da73c7,655,Chili Bird's Eye
chili_bishops_crown,eb9285f2-f8ed-4e6e-bdcd-c7ced9ca6fa6,656,Chili Bishops Crown
chili_costeno,95d698ed-17ba-4981-a15b-06fca6f76b12,657,Chili Costeño
chili_flakes,fcc58ba2-c177-42f1-96aa-a9ca50180cfb,658,Chili Flakes
chili_pepper,b6bf6e5e-bb4b-4e10-b31a-b56d3199efe4,659,Chili Pepper
chili_pepper_powder,e3dde8e2-4d2f-4bae-995a-ac4aee0b1814,660,Chili Pepper Powder
chili_poblano,254be8b3-c1a8-4281-8ebd-fa304826d563,661,Chili Poblano
chili_poblano_powder,8642b2d2-516f-4615-a47a-85c736b74e27,662,Chili Poblano Powder
chili_scotch_bonnet,b7f6978e-0e06-43ee-ba64-9ebd8b67c480,663,Chili Scotch Bonnet
chili_serrano,ebab065f-1cce-4107-a4da-ca5207e2278a,664,Chili Serrano
chilli_pickle,69f17c41-a936-4a68-a10b-02a8cf0cae05,665,Chilli Pickle
chimayo_pepper,96129a8a-070b-42b1-ab44-99ba5d5f0451,666,Chimayo Pepper
chin_hsin_tea,888da709-0169-4dc7-b4af-f1d98c8c0300,667,Chin Hsin Tea
chinese_broccoli,7adcb3d5-374c-4c44-9d5e-e2ffbcf7b66b,668,Chinese Broccoli
chinese_cabbage,84b36b8b-3509-4f3e-ae03-5b725ad7ca39,669,Chinese Cabbage
chinese_cabbage_670,1a9e0e08-2a7f-4f67-a40a-97f129589ecd,670,Chinese Cabbage
chinese_chives,598facd6-80e2-422c-b37b-53c42fb51a7f,671,Chinese Chives
chinese_hibiscus,b4d1cbae-ad15-43d4-9476-3222b6b2042b,672,Chinese Hibiscus
chinese_leek_flower,0b46cbb1-3546-4f36-b681-7fd19c044de8,673,Chinese Leek Flower
chinese_toon,6879b230-c201-40d6-bfff-659463e4a69a,674,Chinese Toon
chinese_truffle,66aa4cfe-f753-451c-97b3-de64201b7d89,675,Chinese Truffle
chioggia_beetroot,48a2a428-22ae-41ab-bccc-47e1a93808bc,676,Chioggia Beetroot
chioggia_beetroot_leaf,77e6db06-a8d9-4a97-b1dc-3f18e51f8901,677,Chioggia Beetroot Leaf
chives,86757efd-4c38-4c02-b6f6-46a6eb0aca0d,678,Chives
chives_flower,6faa8b17-a16f-4a0e-a0bd-06e30055a12a,679,Chives Flower
chocolate_90,4f907c53-922d-4273-a172-b82a95e32a21,680,Chocolate 90%
chocolate_99,c5be4a9c-4caf-444b-a68c-bfc0cb850e93,681,Chocolate 99%
chocolate_brownie,1956b8ee-0aef-4562-bf19-a702a5736020,682,Chocolate Brownie
chocolate_cake,7c56f861-19cb-4bab-8e8b-92190f35c13d,683,Chocolate Cake
chocolate_fudge,2bc99487-e2a2-4d51-b12d-5f66c391f274,684,Chocolate Fudge
chocolate_mint,cfdafbe1-68e8-4845-9a9a-f97f9a10fa90,685,Chocolate Mint
chocolate_muffin,324db404-69f3-446d-ab04-4d15b8a9c223,686,Chocolate Muffin
chocolate_navel_orange,d58fa2f1-311d-4ba9-b7b0-db4c1aeee443,687,Chocolate Navel Orange
chocolate_navel_orange_peel,ae817aa4-88a6-439e-8054-3717bf468ec7,688,Chocolate Navel Orange Peel
chocolate_spreads,8c6ce699-51bc-465a-8eab-73d59473a892,689,Chocolate Spreads
cholula_hot_sauce_chipotle,6e092a88-8e48-42ec-a0b6-223e2ae61886,690,Cholula Hot Sauce Chipotle
cholula_hot_sauce_original,2cee9558-26b2-4437-9a33-87a324bab963,691,Cholula Hot Sauce Original
cholula_hot_sauce_sweet_habanero,af0115d8-3402-48a0-8888-592393b57425,692,Cholula Hot Sauce Sweet Habanero
choricero_pepper,129084bf-cdf7-4165-bc1d-60242a59094c,693,Choricero Pepper
chorizo_694,a2db6e08-e52c-4905-8fca-208a7a23e5e0,694,Chorizo
ciabatta,a7bd6a3b-f258-49fa-bf0d-5df0043c37d2,695,Ciabatta
cinnamon_bark,36d95955-3316-4160-9f90-800d879732b1,696,Cinnamon Bark
cinnamon_basil,a1e2952c-4844-460b-bfb9-af9ebd04a9cf,697,Cinnamon Basil
cinnamon_powder,56e0c2d5-8450-4641-a91b-57c4af5c1593,698,Cinnamon Powder
citron_peel,7a07da23-1190-4626-9158-74c88e1264e8,699,Citron Peel
clam,1777a412-aed3-4c92-ae4f-74b239396bd4,700,Clam
clementine_701,c65d150e-3838-4b73-bd8c-6508a65da2c8,701,Clementine
clonakilty_black_pudding,b0a591fc-1a4b-4ffc-8219-949d871d8f9e,702,Clonakilty Black Pudding
clonakilty_white_pudding,9e152574-c715-4eb4-b13c-4f681576db2c,703,Clonakilty White Pudding
clotted_cream_704,66795e8c-0109-42e8-a1f3-36128859035c,704,Clotted Cream
cloudberry,ee4f92db-48b6-47da-908c-ee0aa3d0d950,705,Cloudberry
clove,c3e65dd2-5429-471d-b04b-656dbefa0f71,706,Clove
clove_basil,7f7d0e80-6908-4802-a8a6-7f1341068c90,707,Clove Basil
clover_flower,6151cf64-9bc6-401c-b385-08e8b8f0a292,708,Clover Flower
cobourg_ham,604b7083-af3c-4098-acf7-48a5b94c0bd0,709,Cobourg Ham
cocktail_sauce,edbf664f-ddeb-4e8f-b660-8c393cede22e,710,Cocktail sauce
cocoa_butter,69d11217-9b79-4f4a-a3c5-946de77c5aa1,711,Cocoa Butter
cocoa_fruit,00491e71-8e29-4073-9dd8-fffcc7cde61d,712,Cocoa Fruit
cocoa_kernel,f8c4d3bd-5c1e-416a-b5da-1bfe0c1fb667,713,Cocoa Kernel
cocoa_liquor,72a4c5d3-64db-4918-bdd0-0d3e2e17f436,714,Cocoa Liquor
coconut_biscuit,0b321561-0231-4d54-bdc4-a227bb9571fd,715,Coconut Biscuit
coconut_blossom_sugar,5ef0c060-212c-43da-9464-900f31f6cc2d,716,Coconut Blossom Sugar
coconut_cream,7ca5ede4-734d-4e0f-b6bb-79b3d763e02f,717,Coconut Cream
coconut_drink,084bf427-5121-4b6e-8b23-1e32a1e53728,718,Coconut Drink
coconut_macaroon,9addb8be-69a4-4476-acd3-24d1bdc9767c,719,Coconut Macaroon
coconut_milk,c984ab15-fec8-4eac-837b-8f65a1006fd7,720,Coconut Milk
coconut_oil,7c07b3c4-6a55-4a27-94f1-8b8eeeb53a4b,721,Coconut Oil
cod,4b51f8b6-2c9e-4881-b2d0-9b1ac48d32be,722,Cod
codfish_paste,0b6168d3-d8b7-4cef-a7be-50bfb0d9c0ab,723,Codfish Paste
codium_724,6e266c4a-6ac4-4dbc-864b-0f91b924ad4f,724,Codium
coeur_de_boeuf_tomato,8e358192-c475-4636-a8cf-516736e80792,725,Coeur de Boeuf Tomato
coffee,b16768e9-d990-43f5-9b4d-f1c8bee92dfa,726,Coffee
cognac_727,04aece33-af7d-4976-9e6e-13fc1e153776,727,Cognac
colby_cheese,2eebb630-667e-498b-8178-a9ae495d27db,728,Colby Cheese
colby_jack_cheese,0bd458f1-979f-4696-8784-f9f45093a8ca,729,Colby Jack Cheese
colombo_curry,4c563b0c-0dd9-4f10-82b4-e19d81fdc166,730,Colombo Curry
concord_grape_juice,6c74cf72-511f-4446-81e0-9faf8c8acd00,731,Concord Grape Juice
concord_grape_puree,5a575443-26af-4388-9552-2621c6113a4e,732,Concord Grape Puree
condado_de_huelva_vinegar,209b9744-d6fc-4d5a-b156-c03e7f4a06ec,733,Condado de Huelva Vinegar
condado_del_huelva_reserva_wine_vinegar,4d02e523-fbe2-4d74-8d56-d89c5f909242,734,Condado Del Huelva 'Reserva' Wine Vinegar
condensed_milk,5e372101-670d-4380-8968-01cd11060457,735,Condensed Milk
conference_pear,c8a085f2-fc36-4b99-89ef-64a318b630a9,736,Conference Pear
cooked_bottle_gourd,bdc8333c-848e-423a-a348-8f4c548643c9,737,Cooked Bottle Gourd
coolea,190e43ee-a944-4c6e-ba70-de9a24bc7470,738,Coolea
coppa,834060a8-0b8e-4b8a-9646-49e7cc06e485,739,Coppa
coriander_leaf,9a1165e0-2926-47bd-80e5-b1e2f0e9cf6d,740,Coriander Leaf
coriander_root,251287e8-7a50-41ae-ba97-11d103ce18a4,741,Coriander Root
coriander_seed,b744e1ab-ab6b-4030-b24b-6eed83dabffa,742,Coriander Seed
corn,78686f53-1735-4422-aca8-2321dee54588,743,Corn
corn_husks,6fb096bf-fe3c-4cc6-b7ab-616a8747652d,744,Corn Husks
corn_salad,9fad3a80-6a73-4ec4-bb98-4c831800ce01,745,Corn Salad
corn_smut,b6eb8351-c24f-4270-bfe9-61fba2994596,746,Corn Smut
corn_syrup,1cf0a5ce-30ca-48ac-965c-a7a8c7b77d28,747,Corn Syrup
corn_tortilla,bd20178f-9fff-400a-aee3-00d9f4bf494f,748,Corn Tortilla
cornes_de_gates_potato,a903eb8a-fae9-4b69-af30-e55e2012f107,749,Cornes De Gates Potato
cornflower,c407e8d5-fe09-4ed9-9a5a-12e25cc0b52b,750,Cornflower
corsican_mint,1d19d477-7a42-44c4-945b-9ff6f1cd7740,751,Corsican Mint
cos_lettuce,c595aa96-8d85-4498-8b0d-853bfd894497,752,Cos Lettuce
cottage_cheese,fbc9dd4d-e712-4b16-aac6-0c06823a7bd9,753,Cottage Cheese
country_bread,c0d3b111-06a8-42e7-b39b-c8464f2cf3dd,754,Country Bread
country_ham,c0e03c2c-a256-419a-b278-099ef0d5278d,755,Country Ham
courgette_flower,99351220-8f9f-451d-8493-bdf127f87716,756,Courgette Flower
cow_milk,dd3ff412-dd5e-4249-bf79-8baec02f6864,757,Cow Milk
cow_mozzarella,b8e9fa61-48fe-4879-8e6a-a57705e93a1f,758,Cow Mozzarella
cowpea,6437cd25-fa68-432c-9ee3-a9649195ed86,759,Cowpea
cox_orange_apple,c56b352a-246b-4d8e-beb7-a228d02f69a3,760,Cox Orange Apple
cranberry,e43a84f3-03f8-418d-b0f7-8af211358f90,761,Cranberry
crapaudine_beetroot,47b59445-40d4-4a6f-bec8-04ec3c9eaec0,762,Crapaudine Beetroot
crayfish,c8ddfa72-95e3-43cc-8328-fdb250e66528,763,Crayfish
crayfish_butter,4417aa41-02b7-4ef9-93c1-12f47fae0354,764,Crayfish Butter
cream_35,cc39bfb4-c829-4603-b18b-2917095722fc,765,Cream 35%
cream_40,ea4539e3-e9d2-4f0f-9d2a-f0cf9c8b11ee,766,Cream 40%
cream_cheese,74681f35-477e-4692-8f4e-d15e937feb78,767,Cream Cheese
creme_brulee,e5db27ba-1c59-4569-a255-f7ff84b59c5a,768,Crème brûlée
creme_fraiche_769,96de614a-6914-4852-9ceb-831f6160b6de,769,Crème Fraîche
crepe,34c2a7c8-cfee-457a-bea2-3279c462f58e,770,Crepe
crimini_mushroom,e8ec1450-da95-4fc8-b50d-94394d509995,771,Crimini Mushroom
crimson_gold_apple,adec6301-b3aa-4a88-b4d3-38646ebfa284,772,Crimson Gold Apple
croissant,ab1717ed-9fc6-4a7d-9a36-4a9672048bfa,773,Croissant
crosne,f2ca3ba8-61f2-4f1c-b5e5-78a065b4eb36,774,Crosne
croutons,94048795-6e97-4d83-9e1d-3c3e8decb20b,775,Croutons
crowberry,8cbca4f5-b4f3-4917-9248-d1fa757278ca,776,Crowberry
crumpet,92f9da2f-3449-4be1-acf5-a3f66f368add,777,Crumpet
cubeb_pepper,147ca495-d1c0-4c36-b36f-f2ffe1e7bf90,778,Cubeb Pepper
cucumber,34ff2f77-88aa-4a07-b0d8-208880b216b8,779,Cucumber
cucumber_juice,7d23e469-ca1d-4e28-8061-cfa797ffcd9a,780,Cucumber Juice
cucumber_puree,5455c475-f4c7-4e93-b937-9b639502d8bd,781,Cucumber Puree
culantro,8260d550-898e-4fcd-9069-4eef5d13d8bf,782,Culantro
cumari_pepper,b5ab3522-3a18-4544-b33e-6e18e6f9cf70,783,Cumari Pepper
cumari_pepper_powder,3160875b-7651-4fe8-9497-f5bb03c75f85,784,Cumari Pepper Powder
cumin_powder,86e4ecff-c399-41d0-8b35-55e6bb042f25,785,Cumin Powder
cumin_seed,d1b23017-5acd-4f38-bc68-a93ec64a4d3c,786,Cumin Seed
cupuacu_787,3ce64368-26f2-44e9-a771-f5d2d72532af,787,Cupuaçu
curcuma_leaf,654d3ee2-b612-4f6e-be02-183ac7bcf604,788,Curcuma Leaf
curcuma_powder,aaeb2736-08ce-4b0c-abdb-48cfcda164f4,789,Curcuma Powder
cured_ham,7bbdcc8c-9e91-4e0d-a834-0d8bf4abc8b0,790,Cured Ham
cured_smoked_duck_fillet,740c86a4-ec2c-440d-acdf-2a55834bf26e,791,"Cured, Smoked Duck Fillet"
curled_endive,8e551ae8-5ec2-4f24-8178-6d1973089cdb,792,Curled Endive
curly_endive,add2eeba-42fa-4a18-9f2e-7d34899b87d2,793,Curly Endive
curry_leaf,f8e8e10e-ddf4-4b60-ba3f-6b1d6e0506d5,794,Curry Leaf
curry_powder,6e27aa03-775f-41c0-905d-d859016a92f2,795,Curry Powder
curuba,bb22ce82-12b0-4827-ad22-207758748890,796,Curuba
custard,63c423c9-4c8c-4962-8d67-bb7e1a470b61,797,Custard
cuttlefish,2dea16df-abe8-4897-a06e-177f6fdb5af8,798,Cuttlefish
daehan_ujeon_tea,2616bd40-cad2-4d6a-806c-2dd5c11052c5,799,Daehan Ujeon Tea
daidai,09e49a11-5a7c-4b95-a5cf-b20bf65d713c,800,Daidai
daikon_801,5bae3f9c-2391-41f5-9461-0caa3d61b372,801,Daikon
daikon_cress,202637f4-bc60-420c-a2a3-c2609cd5361c,802,Daikon Cress®
daikon_sprouts,c35b0b74-c7a4-4478-af9d-799637742526,803,Daikon Sprouts
damask_rose,64acae9a-aa26-445a-a9ab-d63c511448e1,804,Damask Rose
damson,09620682-57ad-42d6-bdad-c743ff7aeb11,805,Damson
dandelion_flower,6b72db6d-bbfd-40aa-ada5-8c434a41db8e,806,Dandelion Flower
dandelion_greens,b1c32ee5-2c7e-4955-960d-25ca7d22d487,807,Dandelion Greens
dangyooja,75e08a89-516f-4246-8354-a6aaad42f772,808,Dangyooja
dangyooja_peel,b9744812-98b7-4d92-9323-5b37c8079288,809,Dangyooja Peel
danish_blue_cheese,a93d5160-4dd5-43c7-a4ba-0d765e63d56b,810,Danish Blue Cheese
darjeeling_black_tea,67518db2-3fb0-4542-9fa2-55c78a17a78e,811,Darjeeling Black Tea
darjeeling_green_tea,110da70f-c730-403a-9ecf-061cd732c942,812,Darjeeling Green Tea
darjeeling_white_tea,a102e7fc-bc8d-4e98-a8ca-fe1610d3b500,813,Darjeeling White Tea
dark_chocolate,0c2aee0f-5eef-40e6-b6b3-952e6604b776,814,Dark Chocolate
dark_rice_vinegar,e9b449ac-d88a-442e-8759-3533c6a247ee,815,Dark Rice Vinegar
dark_soy_sauce,66131cfd-ecbe-4f75-9963-0e7fd63312e9,816,Dark Soy Sauce
dark_tahini_organic,2e12d010-9629-4535-96dd-c74f78c2604f,817,Dark Tahini Organic
darselect_strawberry,32aa02db-c35e-491b-a7a5-59d364f1d3c3,818,Darselect Strawberry
dashi,74b513ba-8029-4343-aae0-8e4402b7d213,819,Dashi
date,6210545b-6be1-472d-aeb7-7a02fdf8253a,820,Date
date_tomato,2416b636-9e66-4793-94b4-f04102300dbe,821,Date Tomato
davidson_plum,b8a5be2e-e451-4e10-82c5-c38ea5c1b8c5,822,Davidson Plum
dawadawa,56f4e3e7-3643-483f-8745-306c182362f3,823,Dawadawa
deep_fried_eddoes,77c5eca0-4608-489e-9b91-d4ea61e76210,824,Deep-Fried Eddoes
dekopon,6f62ce18-c921-40ab-9e13-3802cdabadbb,825,Dekopon
dessert_rice,c698e9e1-935d-439c-aeb7-a3a4881a7940,826,Dessert Rice
dijon_mustard,257d2878-baa2-4633-8f2a-679253793af5,827,Dijon Mustard
dill_828,9d92fcd3-0f74-414e-bb42-98798f7d1704,828,Dill
dill_blossom,e80fcecf-14e1-47af-b899-c25a12e7bd18,829,Dill Blossom
dill_pickle,ab33fdb5-8fd0-4839-8e35-cfe6b7ada649,830,Dill Pickle
doenjang_831,7ae692ac-0b73-4bd0-af98-5558e45cb1c2,831,Doenjang
dolma_spice,54b3366f-bd99-4660-8b15-b86861a7adde,832,Dolma Spice
dolmalik_paprika,a3a0832c-181a-41ab-ab6b-6004b13f742c,833,Dolmalik Paprika
dorset_red,37b8cde6-a8c0-4649-bc69-912363e9da20,834,Dorset Red
doruk_cheddar_cheese,50cebbf4-e229-4aa9-ada4-06053724f124,835,Doruk Cheddar Cheese
double_cream,fba45c4a-07dd-490f-a337-dc3b0541a9ed,836,Double Cream
doughnut,26d8ba31-54ec-4bf1-b26b-84421640d74c,837,Doughnut
doughnuts_berliner,30bcb00f-129e-4321-ba8e-de85a9999dfc,838,Doughnuts-Berliner
douglas_fir_needles,7567d308-0fe8-496f-b155-23438afb4855,839,Douglas Fir Needles
dover_sole,333d324c-952c-4f2d-ad44-cb3a0e32417c,840,Dover Sole
doyenne_pear,5410408c-f7ff-44ff-bff0-0de738b5f1ea,841,Doyenne Pear
dragon_fruit_puree,9e65ede1-e473-4fcb-a2f8-9937e82b32c1,842,Dragon Fruit Puree
dried_aidan_fruit,19ef9da1-51d2-430a-b031-9b4fba7e8992,843,Dried Aidan Fruit
dried_aji_panca,fadd6ba7-3d66-4c31-a556-6fbbd548ff11,844,Dried Aji Panca
dried_ancho_chili,74e553bc-d924-47d1-9126-cb8ccd1337db,845,Dried Ancho Chili
dried_angelica_root,b4366b87-7155-4f72-a7cb-c1c16026b66d,846,Dried Angelica Root
dried_annatto_seed,0029ea5f-24ad-48a9-a4be-52c87dbad1e8,847,Dried Annatto Seed
dried_arbol_chili,8bfacf5c-c1af-46a1-b1ac-6aa3d8920b06,848,Dried Arbol Chili
dried_aronia_berry,5432c47a-ac07-4b63-b881-60134229e8b2,849,Dried Aronia Berry
dried_avocado_leaf,6858ca50-351f-4aff-9c3d-56a3bab855c8,850,Dried Avocado Leaf
dried_barberry,319ebd8f-7145-4766-8a9e-e8faa4f496ee,851,Dried Barberry
dried_basil,a4d96ae0-f31f-4814-8f69-6473e6edcbe3,852,Dried Basil
dried_bay_leaf,4cebb8a3-de97-4d2b-aa5b-906cfd91feff,853,Dried Bay Leaf
dried_blackberry_leaf,d91d191b-5c81-4e71-9aac-bcaa7cd3591b,854,Dried Blackberry Leaf
dried_boldo_leaf,a5cf21da-d2fa-4d6c-bbcd-5dc940982763,855,Dried Boldo Leaf
dried_brown_trinidad_scorpion_chilli,b69d87ca-aef1-479a-9d9f-c47549d486ba,856,Dried Brown Trinidad Scorpion Chilli
dried_caraway,4c1dbbdb-689a-4307-8cc8-9154c046161f,857,Dried Caraway
dried_carolina_reaper_chilli,ced9329a-09f9-48c8-ab57-5710ef69c7f0,858,Dried Carolina Reaper Chilli
dried_celery_leaf,b33fb0f3-8d15-4df3-85db-7e5ba6fc160a,859,Dried Celery Leaf
dried_cep_mushroom,8933c010-1d8d-4e4b-b803-457464cf2413,860,Dried Cep Mushroom
dried_chao_tian_chili,f5d700e0-9f12-4cde-a1c2-4dbfb27a061d,861,Dried Chao Tian Chili
dried_cherry_blossom,96377c69-cb9e-4b56-8b23-5157e6ae4176,862,Dried Cherry Blossom
dried_chervil,596c7c54-9421-4b87-b1c9-7fac137393ed,863,Dried Chervil
dried_chihuacle_negro_chili,c2293306-25ad-4445-864e-0c3da360cc73,864,Dried Chihuacle Negro Chili
dried_chile_cascabel,6ed6dac4-0b52-4a67-afb5-0506d7f8bcf1,865,Dried Chile Cascabel
dried_chile_pasilla_de_oaxaca,6def1c7d-08f8-4ded-b6ea-b1f2b49dc1ad,866,Dried Chile Pasilla de Oaxaca
dried_chili_pepper,9cbb1a12-644f-4917-bcb6-ca40e486f783,867,Dried Chili Pepper
dried_chili_poblano,9e7623da-b1a3-485d-9e77-702f4e96886d,868,Dried Chili Poblano
dried_chimayo_pepper,58ab4385-24ce-41b2-88b5-0852b59a6115,869,Dried Chimayo Pepper
dried_chipotle,05dda65b-9664-4d72-9274-7faa1a6c8973,870,Dried Chipotle
dried_chives,75210525-e1ea-4ae3-91ce-1951a52900f4,871,Dried Chives
dried_coconut,fd8d9687-d16d-4aaa-8697-c8799ed5dc6f,872,Dried Coconut
dried_coriander,2714becc-3332-4c81-8c03-0a5ac64da137,873,Dried Coriander
dried_cranberry,a1db5ca9-1037-4df2-ac05-05f985186013,874,Dried Cranberry
dried_curry_leaf,39959ea4-f15a-4f1d-88ae-1515ead1744b,875,Dried Curry Leaf
dried_dill,b37776af-2b06-42e8-8809-f0ea5d31594d,876,Dried Dill
dried_dill_seed,96256a5c-f5e3-4a08-84dc-ef2e36e6a9c0,877,Dried Dill Seed
dried_egg,ef019f58-3f42-48b4-a288-b9b95051508d,878,Dried Egg
dried_epazote,2bae4773-4a9b-4bb4-ac26-9451a705f024,879,Dried Epazote
dried_er_jing_tiao_chili,2e2c3bdb-67c0-4f89-8177-52c20715b540,880,Dried Er Jing Tiao Chili
dried_eucalyptus,94fa75fe-ef14-4bdc-a63c-d06a57296183,881,Dried Eucalyptus
dried_fig,44edf22d-c2d0-43db-968d-337d30728cbe,882,Dried Fig
dried_ghost_pepper,ddaa7a67-2844-48e8-a86e-8fbc8ea7d666,883,Dried Ghost Pepper
dried_ginger,1e58b81d-cbb2-4670-b01f-a481b27c3ba9,884,Dried Ginger
dried_goji_berry,6e8c2540-21e6-42cc-ba39-2822b0ded1cb,885,Dried Goji Berry
dried_guajillo,f8e8c891-832c-4089-9f08-8dca641b93a7,886,Dried Guajillo
dried_habanero,fd4dc60f-c0d4-411c-bafe-4ac81584826e,887,Dried Habanero
dried_hibiscus,63c85d97-561c-4e05-a736-62092f261f4b,888,Dried Hibiscus
dried_hijiki,b531fe5b-61f3-4d8c-aa6d-0b7bf2d0483e,889,Dried Hijiki
dried_hoja_santa,097b25c1-9ac9-497c-9ac8-af357990b520,890,Dried Hoja Santa
dried_hyssop,c3126a83-f3cd-4fb3-8c89-d45e9a9c20d1,891,Dried Hyssop
dried_jujube,1a7f84eb-4b31-4329-8cca-ce6a1f67b56a,892,Dried Jujube
dried_kaffir_lime_leaf,c5e2fe88-b9ee-4142-a758-9927b6ac7e50,893,Dried Kaffir Lime Leaf
dried_lavender_flower,efa28e16-30e1-42af-9cee-cbf561805818,894,Dried Lavender Flower
dried_lemon_balm,22515c1f-a4d1-4362-bd21-615eb1e5be59,895,Dried Lemon Balm
dried_lemon_scented_teatree,ca2747c9-a12c-4b74-a492-5820c1d9cc17,896,Dried Lemon-Scented Teatree
dried_lime,b594d29f-09d5-42aa-bb1c-c9e271e82e2b,897,Dried Lime
dried_linden,2b3b78b0-ab87-485d-a9a9-dd1f25dbcfd4,898,Dried Linden
dried_lions_mane_mushroom,a4db1021-0656-4c72-8c4c-6234a3a4be5f,899,Dried Lion's Mane Mushroom
dried_loganberry,e0ffe61a-5b8a-4156-83bb-796cb119c93e,900,Dried Loganberry
dried_lovage_seed,e282d6cf-624e-4dc4-a375-ddf0799cb4c3,901,Dried Lovage Seed
dried_macadamia_nut,6092f8c3-dce5-4fc1-a963-b850665908eb,902,Dried Macadamia Nut
dried_madame_jeanette,38c44b10-b8be-4918-b3cd-235ae27136c9,903,Dried Madame Jeanette
dried_mahaleb_cherry,5286f5b0-e528-4081-a2e9-df2d94aa7a45,904,Dried Mahaleb Cherry
dried_mango,cc76df6d-3cd3-49ac-b55e-834b24f65a26,905,Dried Mango
dried_marjoram,e57f305c-e63b-4066-a9c0-82e85489f85e,906,Dried Marjoram
dried_mint,bd068e36-d005-4ec4-9e73-58de94d42fd8,907,Dried Mint
dried_moringa_leaf,90316524-4ca6-43fe-8afd-3311a675e238,908,Dried Moringa Leaf
dried_morita_chipotle,31d68c62-ab02-4208-90f3-c402ce814e05,909,Dried Morita Chipotle
dried_mulato_chili,637419be-4b16-4d63-bb4c-63ed08eb43eb,910,Dried Mulato Chili
dried_mulberry,e4b92c55-b9ba-4bfb-b9c2-af9c20f1c9a1,911,Dried Mulberry
dried_naga_jolokie_red,8c271998-2f09-4ba7-b9be-afb627a1fbba,912,Dried Naga Jolokie Red
dried_nora_chilie,f4abbad5-541d-4e8f-bd3a-ac34eb337419,913,Dried Nora Chilie
dried_oregano,d581ae84-04b4-4c40-9892-defdc178871c,914,Dried Oregano
dried_orris_root,b2e8974c-94f3-4884-af70-b289738ef48c,915,Dried Orris Root
dried_oyster_mushroom,ff262b72-6064-4bae-80b3-774868d72816,916,Dried Oyster Mushroom
dried_parsley,732d626e-98fa-4fce-a488-7f132bd1d8d5,917,Dried Parsley
dried_pasilla_chili,aee04031-3c9b-4ffe-bcec-9b0bc006bc26,918,Dried Pasilla Chili
dried_persimmon,b7d3fefc-df18-48fa-80fd-8c84904ad9bc,919,Dried Persimmon
dried_piri_piri,32e2ee92-f801-4531-893a-f44f17d5ca38,920,Dried Piri Piri
dried_pomegranate_seed,0230aef7-3dfe-489b-bdf6-d897d628d284,921,Dried Pomegranate Seed
dried_roman_chamomile,cbc10997-1af0-4614-8f9e-63ab1bcfcd76,922,Dried Roman Chamomile
dried_rose_hip,77f20730-ed8a-4715-b055-ebbc8b21d9a6,923,Dried Rose Hip
dried_rose_petal,1d00faa3-d57e-43f8-b82c-02fe0bf49de0,924,Dried Rose Petal
dried_rosemary,3746b43a-e677-43e6-8eda-10ad1356651c,925,Dried Rosemary
dried_sage,c26d9716-4233-4de9-a2bb-ec78492e138e,926,Dried Sage
dried_scallop_saint_jacques,63468d88-0f94-42ed-89ad-fc14b345136c,927,Dried Scallop Saint Jacques
dried_scotch_bonnet_chili,60a96ac2-252b-4f6f-a222-9726371dcded,928,Dried Scotch Bonnet Chili
dried_sea_lettuce,c970a19a-f276-4619-be03-a01f5a4962e6,929,Dried Sea Lettuce
dried_serrano_chili,2d558c59-b598-4822-a498-5e988f5b9865,930,Dried Serrano Chili
dried_shallot,5cf2f3e0-6f3f-4e7e-b522-18cadb69f136,931,Dried Shallot
dried_sultana_grape,4b61246a-7e2d-4c4f-81f0-a4118697488d,932,Dried Sultana Grape
dried_tabasco_pepper,524a59bc-f88e-4a92-a6e8-1d21bd785f76,933,Dried Tabasco Pepper
dried_tarragon,8ca39e55-ccb6-4c0d-a901-e9057c0aa1fb,934,Dried Tarragon
dried_thyme,05b17900-22ea-4cbe-9897-3d318ff74c07,935,Dried Thyme
dried_tomato,8a6c5def-80bf-4ed3-9bac-b4540bbcfbab,936,Dried Tomato
dried_violet_flower,42a16e47-bd68-4300-9130-a68c19bbf7ee,937,Dried Violet Flower
dried_wakame,f2b03ec3-0fdd-454f-b0d3-4bca5a46acb3,938,Dried Wakame
dried_wood_ear_mushroom,f8cf48e9-13b3-4348-ace9-e29d432f5769,939,Dried Wood Ear Mushroom
dried_yellow_habanero,e6a40147-b336-47e3-b311-3b6bd2844979,940,Dried Yellow Habanero
drip_coffee,9f8954c1-c671-40f9-8dbc-df7914d6796a,941,Drip Coffee
dropwort,0cb64a7d-d7d2-4b41-b6a9-a7e15dc74331,942,Dropwort
dry_roasted_almond,7fec2df3-0f79-477d-8395-d3da9ab6ba4e,943,Dry Roasted Almond
dry_cured_ham,248be4c0-06f0-4308-96c0-4647c85aed9b,944,Dry-cured Ham
duck,750ba1d8-42e1-478a-aef8-2a9fefc315e6,945,Duck
duck_broth,aa3dbffc-d3ec-4e90-af6f-8e67429ca134,946,Duck Broth
duck_fat,09408cc5-e1d3-4bfa-a410-facced36ccff,947,Duck Fat
duck_stock,507d7cda-59e6-406e-89ba-3e509d6c873e,948,Duck Stock
duckweed,36a2ae09-303d-4970-8c1b-48a897df7a2c,949,Duckweed
duke_of_berkshire_pork,a209b11e-67ae-43ff-86f3-c0050f9ec259,950,Duke Of Berkshire Pork
dulce_de_leche_951,e996ab04-eb94-4df8-a536-e20ee58933cf,951,Dulce de Leche
dulse_952,10417f64-910d-42ec-96f8-78690ecf0c0c,952,Dulse
duqqa,81d5a51d-799c-46cb-8161-836bda34e09f,953,Duqqa
durian_954,a90ae016-b1f6-435b-9268-f3e5d93e5546,954,Durian
duroc_pork,5ba2cca6-32b2-4d26-9e7f-3902e575c824,955,Duroc Pork
durondeau_pear,b70cb7c0-4a18-4e7c-9fef-f9642a5ec16d,956,Durondeau Pear
durum_wheat,6cd0db15-585b-4f93-b636-30ccd7108f24,957,Durum Wheat
dwarf_banana,5a83da40-6142-4cd1-a86f-787ae750e192,958,Dwarf Banana
earl_grey_tea,f500e6b4-7a74-409f-9c39-e2f35b791c23,959,Earl Grey Tea
eau_de_cologne_mint,ca4d20fb-e301-44fe-8ce2-57f98c9aa43e,960,Eau De Cologne Mint
eclair,2c4851f0-aa66-46e0-8268-67a60c0d6361,961,Éclair
edamame_962,e7570f39-f718-4bdd-b739-535720f37d9e,962,Edamame
egg_noodle,920f4d87-9f6e-4f3d-a85f-33880680438f,963,Egg Noodle
eggplant,410907aa-5dbb-4d47-90e8-392e369598a9,964,Eggplant
egusi_seeds,acf27321-c316-4349-8cf4-021889eeb0df,965,Egusi Seeds
egusi_seeds_powder,27f78a15-13a8-41cf-97c0-3a37e4226d68,966,Egusi Seeds Powder
elderberry,68ce07ba-8882-41f7-8363-63b0a75e667d,967,Elderberry
elderberry_juice,d974daf4-2751-470e-a78e-ad2e158e6e40,968,Elderberry Juice
elderberry_puree,733c4494-f35f-4e49-912e-fc136f7092d3,969,Elderberry Puree
elderflower_blossom,bd1186f7-7310-4e1a-8456-538397925fc7,970,Elderflower Blossom
elderflower_syrup,c6476258-1096-46d6-803b-2cbc6ee2b927,971,Elderflower Syrup
elsanta_strawberry,0d157278-37cf-49df-9b93-3da2d1c4a8d6,972,Elsanta Strawberry
elstar_apple,1d5221ed-550f-4034-b071-8ac65d287449,973,Elstar Apple
emmentaler_974,c184e2c5-482c-45d7-b502-ecc2065c8d8e,974,Emmentaler
english_breakfast_tea,c3facece-2827-4a59-9cf5-33e27ff04d9c,975,English Breakfast Tea
english_muffin,85bfdedb-c99e-41d5-95df-d5f938787583,976,English Muffin
enoki_mushroom,1886b6a4-2b56-4783-b23e-5680af2bdb41,977,Enoki Mushroom
epazote_978,d0818fe2-c98f-48aa-b699-05150da76d99,978,Epazote
epoisses,259d74fb-3e44-4e36-8928-15a05b4073a2,979,Epoisses
escarole_lettuce,8d345f22-08e3-4754-a480-065c4af739bd,980,Escarole Lettuce
espresso_981,e6b0f629-a4ce-4eca-83d0-cf407c81c477,981,Espresso
eucalyptus,d98d2ff9-d45d-4866-b86b-62b6f4cbced7,982,Eucalyptus
european_lobster,8a041745-2b61-4049-b273-c05420109b7e,983,European Lobster
feijoa_984,ac51c253-3db1-493e-bf64-4f05c6723acd,984,Feijoa
fennel_bulb,d6aa4a75-b3be-4a67-94a9-f9033f62980c,985,Fennel Bulb
fennel_flower,5b1fc67f-dab9-4bd2-9083-9baa0e2d69e4,986,Fennel Flower
fennel_pollen,0509c221-092a-4389-9036-ebdbca30ad5a,987,Fennel Pollen
fennel_seed,78d94f25-f637-4fbe-ab2b-ebf4d61c88f6,988,Fennel Seed
fennel_tea,f093e362-33d1-4c4b-ae44-1dbb44fdc1f0,989,Fennel Tea
fenugreek_seed,3e6e2bda-c8c7-45d2-bc07-fd2eda6ba3aa,990,Fenugreek Seed
fermented_black_beans,7540525b-a15b-4dd3-be24-9ccfb3823208,991,Fermented Black Beans
fermented_rice,27b214d6-acea-413b-93fb-4ce2fef2f16b,992,Fermented Rice
fiddlehead_ferns,3bbe6c02-b699-4e23-8de7-af1db17cf99e,993,Fiddlehead Ferns
fig,d04043dc-c81e-4954-866d-8acfaebb314a,994,Fig
fig_leaf,c85b95dc-5c4c-43a3-aae7-08a4d982c113,995,Fig Leaf
financiers,0ea495cd-1af0-40a9-83f4-9c5459e4efe2,996,Financiers
finger_lime,3cfd1e82-2bd7-4531-81e6-d0b3d7946e61,997,Finger Lime
finger_millet,d6a0e997-bc1f-4411-9b86-c8669e436a59,998,Finger Millet
fish_sauce,37848522-e4a5-4c26-b2fa-19235bdef23a,999,Fish Sauce
fish_stock,6e2fb6c1-da42-48ae-a4e1-2ff922a40710,1000,Fish Stock
five_spice_powder,a6515b98-ccde-4570-a487-8908175d0a7a,1001,Five-Spice Powder
flat_bean,c04194f2-f4d9-442a-ad26-07f8747881fe,1002,Flat Bean
flaxseed,be0d2be1-be2e-4f79-9a64-c2e0627332b5,1003,Flaxseed
flying_crab,569cf701-624f-44d7-8a59-c62484c98968,1004,Flying Crab
flying_goose_green_sriracha_sauce,daf7b3a7-806c-4c3d-bb1e-85a27b4a5d58,1005,Flying Goose Green Sriracha Sauce
flying_goose_smokey_sriracha,28bed94c-17a8-4b0d-9ea5-6a8bee7844ea,1006,Flying Goose Smokey Sriracha
focacia,93308582-8a31-4dec-844b-d849d03a7ca1,1007,Focacia
foie_gras_terrine,7b1c44b7-8124-4afb-b85c-5be504671ecb,1008,Foie Gras Terrine
fonio_1009,bc77ee70-cd76-4859-be35-37a94c6c5d2a,1009,Fonio
fontina,76a11368-7662-4f2b-bf8c-eead0787442a,1010,Fontina
fourme_dambert,4ff42ada-8bac-45ad-97e8-61cdaa8e7481,1011,Fourme d'Ambert
franks_red_hot_sauce_original,bfc8b9bb-0f7e-4b5d-bf5f-36c7667b0bec,1012,Frank's Red Hot Sauce Original
franks_red_hot_xtra_hot,4037bcc1-2266-4f0f-9a4c-384a9a0d8be3,1013,Frank's Red Hot Xtra Hot
freekeh_1014,32f22d1d-9575-4c11-a17f-f23759a7e202,1014,Freekeh
french_fries,d71445e7-aa88-4923-a5a3-2bff34b89322,1015,French Fries
french_gherkin,546acfd9-3046-4b54-aa15-7fbd2426b506,1016,French Gherkin
french_tarragon,e7792f82-c00b-4911-b6c8-db45bf6c3ba2,1017,French Tarragon
fresh_atlantic_salmon,3be1baf6-909b-4682-ae26-e238ff1c0810,1018,Fresh Atlantic Salmon
fresh_bacon,db3ee56e-9d00-47b5-b717-1f8520a286bd,1019,Fresh Bacon
fresh_chestnut,36205de3-b18a-47c3-a10c-f13b2fccda49,1020,Fresh Chestnut
fresh_chicken_breast,c171b84f-7dfe-4a52-8a75-379de94b31ac,1021,Fresh Chicken Breast
fresh_chili_paste,ba18c6c2-048b-4737-b07a-0e68305a5b90,1022,Fresh Chili Paste
fresh_coconut,a3c4dc17-b99b-4166-88f8-8187fbeca289,1023,Fresh Coconut
fresh_curcuma_root,d779e00e-192b-429c-a6b8-5af109634263,1024,Fresh Curcuma Root
fresh_eel_fillet,ceb63c09-8a76-4c98-8c90-16ada1240d47,1025,Fresh Eel Fillet
fresh_european_seabass,04bdbaac-d1d3-43a4-a3ea-858d13e943e9,1026,Fresh European Seabass
fresh_galangal,2a761310-4dc0-42e1-93a0-58098ae18982,1027,Fresh Galangal
fresh_goat,397d3160-1f2e-4f37-a042-a0952d0bed40,1028,Fresh Goat
fresh_humulus_shoots,7c250f7c-8b84-4041-8c49-4e5e33e830f6,1029,Fresh Humulus Shoots
fresh_italian_pork_sausage,58e0f1e7-f516-456c-9271-18d47c32a8f0,1030,Fresh Italian Pork Sausage
fresh_jicaro_seeds,d40e2add-b30c-44df-b6a3-a165b081fa91,1031,Fresh Jicaro Seeds
fresh_kaffir_lime_leaf,75e54d15-611f-4bbd-a324-f3a1732a2101,1032,Fresh Kaffir Lime Leaf
fresh_pout_whiting,5f760e70-48ed-4684-92e1-a09c33e0a830,1033,Fresh Pout Whiting
fresh_rainbow_trout,551ba756-40d5-448e-82c1-4e7937e2869a,1034,Fresh Rainbow Trout
fresh_ray_wing,008886b2-78db-42b0-8e9d-1d33162717ea,1035,Fresh Ray Wing
fresh_red_mullet,d9c8f74d-b538-4863-9bfb-f179469d0f56,1036,Fresh Red Mullet
fresh_sardine,c237aa0b-f3bb-4ae2-90c4-7732e5c47c6e,1037,Fresh Sardine
fresh_skrei,69d7ddd9-fbf8-4e12-8f3c-36b76adf482e,1038,Fresh Skrei
fresh_small_spotted_catshark,f275a01d-f738-4bf1-b9bf-0665b4550ca1,1039,Fresh Small-Spotted Catshark
fresh_squid_fresh,63fe7bb4-58d2-4eb7-8c5d-f156f7ed7c20,1040,Fresh Squid (fresh)
fresh_trout,d478d12d-78d7-4bfd-acb1-11dadfbf313e,1041,Fresh Trout
fresh_tub_gurnard,4d470eeb-d6a2-4ef1-ad2b-89315a7a61cf,1042,Fresh Tub Gurnard
fresh_turbot,819a1a3b-11d8-4e0f-84d5-cb929b3991eb,1043,Fresh Turbot
fresh_watermelon_rind,b2a8feb4-76be-4840-afbd-9b831ed42547,1044,Fresh Watermelon Rind
fresh_yellowfin_tuna,fff574da-359c-4738-8f43-24c59c70fd88,1045,Fresh Yellowfin Tuna
fresno_pepper,3df4d83d-17a9-4312-8ce3-3ba6ae39d872,1046,Fresno Pepper
fried_bacon,e801d442-97eb-4800-9561-b7ae1ce63da4,1047,Fried Bacon
fried_chicken_fillet,ff5b340b-6b1f-4719-8a62-c5bdaa4bdb28,1048,Fried Chicken Fillet
fried_chili_paste,87b3e205-73c6-4c6b-bbae-f86f3c41bfec,1049,Fried Chili Paste
fried_garlic,84309e29-5a11-44b7-858d-a253255d13e5,1050,Fried Garlic
fried_maitake_mushroom,e6b6202c-e720-42d8-b803-a22e389ee08a,1051,Fried Maitake Mushroom
fried_shallot,10c5eb87-c920-4673-86f9-1c4c36b057fd,1052,Fried Shallot
fried_squid,9b67bc2a-0505-4794-b73b-4cbfdfb5c3c0,1053,Fried Squid
frisee_lettuce,018345eb-7434-448e-8cb6-54e5bfc3291b,1054,Frisee Lettuce
frog_leg,a6cfa199-be1f-4603-88a1-88c9377547ba,1055,Frog Leg
fuji_apple,c5eb7706-f7cc-41e6-b1a8-03ee6e4b713f,1056,Fuji Apple
fukushima_peach,bec4dca4-691a-4c20-8446-e4236c5a3ef4,1057,Fukushima Peach
full_fat_yogurt,0c0c78f0-ba9a-4a4c-ad91-c26b374b0ed0,1058,Full-fat Yogurt
furikake_1059,843f0269-a74e-493a-a00d-69eb69a7eb66,1059,Furikake
galia_melon,1b329ae3-8ac5-4bab-9e70-eebae4b8b229,1060,Galia Melon
gamba,d1b00e11-4dd3-4567-9acd-18b1aac26ca0,1061,Gamba
game_stock,4f14f263-9c7c-494f-8539-744fc2021475,1062,Game Stock
ganjang,1bef0b14-d464-40f0-b9ae-35c2bca5b82b,1063,Ganjang
garam_masala,a2fe95c0-a7d3-4359-97a0-e40dc7a64f96,1064,Garam Masala
garden_cress,5132f29d-547f-4019-83ab-87f4dc8a3339,1065,Garden Cress
garden_nasturtium_flower,b3bb1d70-f3d9-4b18-a07d-58930a75d2e8,1066,Garden Nasturtium Flower
garden_nasturtium_leaf,8dda65ed-c484-45eb-9510-4f8b528a5e37,1067,Garden Nasturtium Leaf
gariguette_strawberry,35e95078-a62d-487b-a40f-dbc14ca28e95,1068,Gariguette Strawberry
garlic,959c80da-9487-4891-b40d-c5e49dac9a0b,1069,Garlic
garlic_butter,bfd7cdeb-44b7-4d56-b697-c8b8daa9b0ed,1070,Garlic Butter
garlic_powder,09c5ea18-bec4-44c7-90f1-2af54cdeca0b,1071,Garlic Powder
garlic_puree,30d82426-4f0a-46dd-9123-dcb73dc23110,1072,Garlic Puree
garum,c2dd165e-4510-4062-b66b-18459a727488,1073,Garum
gaya_melon,c6d295f8-7a4a-4c8b-b7a8-3d4f056ecc29,1074,Gaya Melon
genmaicha,60c5582f-17b2-4909-92b3-cddc37d333da,1075,Genmaicha
genoise_cake,0680cb29-173e-4e7d-98b2-7c1d934fdb8d,1076,Génoise Cake
geoduck,68f9e761-1028-4b54-af47-6eb0de0e2f2c,1077,Geoduck
ghee,32a2d028-bb6a-4877-8e83-d063998598c2,1078,Ghee
ghoa_cress,b353d863-d590-478e-a51f-dd2968c6e460,1079,Ghoa Cress®
ghost_pepper,7779de0d-819c-4e4f-bca8-5f9fb40502b5,1080,Ghost Pepper
gianduja,36a6b31d-68f0-44b2-b37c-da5c12e4acc4,1081,Gianduja
gieser_wildeman_pear,9451b2b5-5c7c-4963-88b0-9b151c8f425d,1082,Gieser Wildeman Pear
gin_1083,3725d138-e0f5-476a-a314-66fdd5536ccc,1083,Gin
gin_de_mahon,e5481be2-71d7-4a2d-80d2-00a0d3f2aa81,1084,Gin De Mahón
ginger,524facaf-d5f8-4554-81ec-bb2efaadea5a,1085,Ginger
ginger_beer,b81c1db9-c80d-45e6-bef8-5067307c3fa6,1086,Ginger Beer
ginger_cordial,053fa84e-1102-4346-8818-3c01f3d08b85,1087,Ginger Cordial
ginger_powder,696ba6b5-0d98-463c-ab90-3b8c2702fe78,1088,Ginger Powder
ginger_puree,9cab81bb-8cf4-4dd6-ad78-164446270129,1089,Ginger Puree
gingerbread,a06d26af-fa97-4e65-9f7a-bd3247152604,1090,Gingerbread
gingerbread_spices,c11c197c-9f5f-4b98-8d8e-675b63918e60,1091,Gingerbread Spices
ginkgo_nut,8394311f-b326-4dff-9919-76bd0a5ac931,1092,Ginkgo Nut
ginseng,d20fba36-6eb4-4ada-a4d2-db06e28aec93,1093,Ginseng
girolle,c83db0ec-cdf3-4ecf-9efd-2c7a5be51e04,1094,Girolle
glass_noodle,ce0ab672-244c-43ac-9dec-d232de22e1f1,1095,Glass Noodle
glutinous_rice,6f360049-a133-4dba-bde7-ec35e89f663d,1096,Glutinous Rice
gnocchi,4e2d5280-5916-4e0e-a596-6342f44d4a86,1097,Gnocchi
goat_milk,c98f99aa-b140-4449-9069-028a04370c4e,1098,Goat Milk
goat_milk_butter,9e5d1a1c-392e-441a-98c4-3039856dd1b9,1099,Goat Milk Butter
goat_milk_jack_cheese,b8cb0e6c-b337-40e9-a6eb-f24541df1644,1100,Goat Milk Jack Cheese
goat_milk_yogurt,babbafcb-4299-4816-a0c7-953137cc95df,1101,Goat Milk Yogurt
gochugaru,02e1da9e-af2d-4bfc-87ce-1b260fc2a4c4,1102,Gochugaru
gochujang_1103,b6c66f12-09cd-4fda-83ff-511d6afb1c10,1103,Gochujang
gochujang_1104,83ef14f1-e657-4d01-9fdb-a925a99b48cc,1104,Gochujang
goji_berry,fbb5d86d-6930-4828-8cb9-db0fded23ce2,1105,Goji Berry
golden_beet_beetroot,0c73922b-fcd5-49d9-a905-3f77497aa5be,1106,Golden Beet Beetroot
golden_beet_beetroot_leaf,d1251e7f-b2e2-49e0-b69f-d50f855adb9a,1107,Golden Beet Beetroot Leaf
golden_delicious_apple,0b7da9ed-1e4a-4390-9427-03605a12e11b,1108,Golden Delicious Apple
golden_delicious_apple_puree,c05c770b-8ff1-4e60-8e32-d835256bb8a0,1109,Golden Delicious Apple Puree
golden_kiwi,94c32e33-b5f6-4c0f-9e5a-1d2d8b45e576,1110,Golden Kiwi
golden_milk,156b9bfa-4345-4653-a478-bc0157c6e934,1111,Golden Milk
golden_raisin,1cdd7008-c436-42ec-bffc-21014b2c4ab0,1112,Golden Raisin
golden_sugar,6c87c0a8-7ac0-4453-9d21-3b965c5aa9fc,1113,Golden Sugar
goose_foie_gras,c20ac69d-5cdb-4c0e-b99b-99e52f92a950,1114,Goose Foie Gras
gorgonzola_1115,e2d98b74-3965-48b3-8d97-88d784af2161,1115,Gorgonzola
gotchu_sauce,31663b35-00d7-4ebc-9f17-29cf7e330c59,1116,Gotchu Sauce
gouda_cheese,cde52f89-0994-4f36-9463-9ef822ec370b,1117,Gouda Cheese
gougere,3564dd60-07ec-4e60-8595-bded08cc9839,1118,Gougere
graham_cracker_1119,0f6084fa-d20b-4056-b82f-5e5b7f8df48e,1119,Graham Cracker
grain_mustard,b1e4c593-b3c8-46ef-8c4f-a1291f2b7786,1120,Grain Mustard
grain_vinegar,04477018-c0d2-4d8b-976e-271107c3da97,1121,Grain Vinegar
grains_of_paradise,c06c647b-89d4-460c-8c1c-bc75c90d628c,1122,Grains of Paradise
grains_of_peace,a915860b-910d-4621-bd63-231deed2bcbe,1123,Grains Of Peace
grana_padano_1124,4e384cca-a203-40e6-b839-30fa3c5bc15c,1124,Grana Padano
granadilla_juice,1cee1460-5441-408c-aaac-5e4422cd7192,1125,Granadilla Juice
grandmas_molasses,554b200f-8bea-4065-83f3-3fcc0d7fcbf8,1126,Grandma's Molasses
granny_smith_apple,beba0541-2e0b-4804-9f37-2f49741ab2e5,1127,Granny Smith Apple
granola,20836e9d-315c-476b-97b5-efcc595d7ba9,1128,Granola
grape,49a5c6b5-ec86-4a51-96db-dadfb75a8fc0,1129,Grape
grape_juice,64316a3e-5a52-4fac-ab60-e721a8e8b796,1130,Grape Juice
grape_tomato,7e5775e8-df29-4307-ba42-5c180fdaea24,1131,Grape Tomato
grapefruit_1132,dcbc9c64-238f-402d-b861-de6afda70ca4,1132,Grapefruit
grapefruit_juice,7f89539c-f7bb-4bee-9c57-656db4039d2f,1133,Grapefruit Juice
grapefruit_peel,7c91d0c7-c9be-41bd-8f25-54f3fcf6795c,1134,Grapefruit Peel
grapevine_leaf,d63b6580-16f6-4569-92e5-12cce60687ba,1135,Grapevine Leaf
grated_celeriac,d4199f64-a13d-483a-8d71-81387710a1a1,1136,Grated Celeriac
great_burnet,defd0757-f7e0-43ea-abf5-368b6ff150c2,1137,Great Burnet
greek_yogurt,9540ac62-382f-4905-87ec-ce5c6ac22374,1138,Greek Yogurt
green_asparagus,bc6dd66e-68df-437d-9934-95ef5baf7508,1139,Green Asparagus
green_bean,6c0a6481-5599-4f23-a930-8d4adc9e0219,1140,Green Bean
green_bell_pepper,e5988019-bb9f-469e-8c58-e07bfb4473ae,1141,Green Bell Pepper
green_cabbage,d27bdb52-8705-488e-90d2-2b2a4e1a04da,1142,Green Cabbage
green_chili_powder,1f4d7db2-40b2-4cff-8581-9e708648d9f7,1143,Green Chili Powder
green_curry_paste,c8578035-f54b-4373-8a70-c96543125a30,1144,Green Curry Paste
green_habanero_chili_pepper,93b51f9f-af65-430f-be63-8d12de4c3a70,1145,Green Habanero Chili Pepper
green_jackfruit,d34b3031-e5ec-4ab6-a2a8-829ad27999b2,1146,Green Jackfruit
green_lentil,7b49b103-6d5b-4c54-94c6-9712d29e06dd,1147,Green Lentil
green_mango,251497e0-7477-470a-94a9-08a02783293e,1148,Green Mango
green_mate,8f327927-7004-4fd8-8f23-d10603e45cfd,1149,Green Mate
green_mizuna,991d9dee-c445-42d0-95f4-53d9fce78896,1150,Green Mizuna
green_olive,afc65576-5923-4a3c-a428-50467e488ccc,1151,Green Olive
green_olive_tapenade,cc1bfada-3774-4200-9c99-e2d8dd0b596b,1152,Green Olive Tapenade
green_papaya,70bc6a21-886d-4b3d-8623-cf8f3b1c2b82,1153,Green Papaya
green_pepper_leaf,6ac236d2-53aa-44d9-8da8-e5c98849d056,1154,Green Pepper Leaf
green_peppercorn,5145802a-f9df-42e3-84d8-8e01f39ebf71,1155,Green Peppercorn
green_shiso_leaf,0c1dfadc-c11d-407e-8bb5-7e7db17a0cb7,1156,Green Shiso Leaf
green_tea,38373780-9199-42f5-92a7-9464f42a4f45,1157,Green Tea
green_tomato,013525ca-c64e-4d36-968d-0bc5a3660d21,1158,Green Tomato
green_walnut,b43fda1b-789f-4c04-92cb-14ad9431af2f,1159,Green Walnut
grenache,562de6ae-2b83-4293-a8bb-54b4451de974,1160,Grenache
grenadine,27e787d8-9c9a-4912-81c9-e0cca17f5831,1161,Grenadine
grey_mullet,f44fe974-a375-4d6a-82ae-2a901c4983b0,1162,Grey Mullet
grilled_atlantic_salmon,57ae5023-5f7f-4bf9-9ad2-e1e30ae4cf3e,1163,Grilled Atlantic Salmon
grilled_beef,db181f17-6c2d-4884-99bb-0b9dd822707f,1164,Grilled Beef
grilled_beef_rib_steak,f0ceb7ac-b837-41d9-a0d3-ffb14e7007bf,1165,Grilled Beef Rib Steak
grilled_bell_pepper_puree,d67cb712-9e87-4822-8829-a791c729adba,1166,Grilled Bell Pepper Puree
grilled_chicken_breast,8e1d5c24-8c23-4f2a-aae9-c99b8282f906,1167,Grilled Chicken Breast
grilled_duck_fillet,45b95cc1-06f6-4739-ae3d-5f2e897b97f0,1168,Grilled Duck Fillet
grilled_eel_fillet,70cbb4ee-06fe-44a1-852f-1fcf7b688bd1,1169,Grilled Eel Fillet
grilled_eggplant,3c0aa14a-eb89-4db3-91b8-a533a098ac67,1170,Grilled Eggplant
grilled_green_asparagus,5a422e22-14bf-4265-843e-5f2ea6998904,1171,Grilled Green Asparagus
grilled_lamb,19cbb55d-5965-4752-91af-94353643c52b,1172,Grilled Lamb
grilled_lamb_chop,4fd5bb56-55d1-4f4e-813c-94a1a26a0097,1173,Grilled Lamb Chop
grilled_lamb_fillet,deb9e866-e430-4e5d-8b11-9cbc4cf3e44f,1174,Grilled Lamb fillet
grilled_mackerel,a9171f79-c52c-4ed6-a92a-dd15e06f08dd,1175,Grilled Mackerel
grilled_red_bell_pepper,2b0ca2d8-a34e-4eb5-b46f-05c6bd8ed9e8,1176,Grilled Red Bell Pepper
grilled_skrei,b78fbeb2-7f4e-4e71-a88a-44390bb0271a,1177,Grilled Skrei
grilled_trout,e8c9cfa8-4850-4fd6-9499-a906dc59890d,1178,Grilled Trout
grilled_turbot,2b7c9b6c-ded3-4309-9e3e-a734643aec13,1179,Grilled Turbot
grilled_veal,681f8fa7-d0a9-4703-8282-eca347f75409,1180,Grilled Veal
grilled_yellowfin_tuna,6a7d4372-53ab-406e-a0ec-ab5f8d3f9d8f,1181,Grilled Yellowfin Tuna
grilled_zucchini,43fea612-19dc-45a2-922d-5d8f29d620ca,1182,Grilled Zucchini
griotte,8c56f8ac-8f00-455e-ae08-37d4dc586662,1183,Griotte
griottine_cherry_in_syrup,6e801329-9ce2-43f4-9387-4d0710260854,1184,Griottine Cherry in Syrup
grissini,ef440975-edaf-43cf-bfe2-df1996302b6f,1185,Grissini
ground_pepper,1875367a-3a74-49d9-b4c5-bd23442e6526,1186,Ground Pepper
gruyere_1187,62bcfab5-d84c-4c18-89ea-ebec9a5f3d37,1187,Gruyère
guacamole_1188,ad0816fb-f4f3-4d0a-9589-55514030d32b,1188,Guacamole
guarana_powder,17dd1d53-0ee8-42c2-9612-caab930d8ecd,1189,Guarana powder
guava,e70f3301-607b-4148-af94-72edca6388b2,1190,Guava
guava_puree,5ce52cfb-2a72-4927-b30a-3c8f57f8f640,1191,Guava Puree
gumbo_seasoning,cefc351e-268d-4f20-9180-1783245af2a1,1192,Gumbo Seasoning
habanero,22a36a2f-1f30-4650-a0fe-73a18bc9be10,1193,Habanero
haden_mango,438a9537-034e-4e8d-882c-a123844f3fa0,1194,Haden Mango
halibut,6a663467-527c-4442-b59e-3ad227077d7d,1195,Halibut
halloumi_cheese,5ca15bfd-87c2-464f-bcb9-dfb26d0ee762,1196,Halloumi Cheese
hamburger_bun,71f790e6-1e2a-44f3-b58f-8b3488f80071,1197,Hamburger Bun
hanazuke,b60c0947-c50a-4dff-b277-83b81386c772,1198,Hanazuke
harissa_1199,84702e39-f4ed-4bcd-88d4-2275b05b563f,1199,Harissa
hass_avocado,0d66e653-f799-404b-92a1-63b07ae9228b,1200,Hass Avocado
havana_club_7_anos,7b355d15-2d37-4ca3-97a9-dab50c5d24c8,1201,Havana Club '7 Años'
hawthorn_berry,16d016d5-ba0d-420d-9dcc-4b9dcb9bcfed,1202,Hawthorn Berry
hay,96733635-a852-4db3-ac39-069a6520326e,1203,Hay
hazelnut_broyage,aa3a35d4-41d5-42fc-b4a2-fc06c7e6d1d0,1204,Hazelnut Broyage
hazelnut_butter,43ff5ead-fc55-41c5-8fcb-6bea9a6d2897,1205,Hazelnut Butter
hazelnut_drink,fe5d4b57-b810-42ef-9345-8473529d3641,1206,Hazelnut Drink
hazelnut_meal,a23c297c-a6ba-44b9-b1a5-c40e4e97dc47,1207,Hazelnut Meal
hazelnut_oil,098dab03-fc8a-463f-a739-2c0245312ba1,1208,Hazelnut Oil
hazelnut_puree,64653261-9c91-4e0c-aa47-634abd8fc050,1209,Hazelnut Puree
heavy_cream,4b9b0f77-2381-4e63-a301-ed11955762c8,1210,Heavy Cream
heirloom_tomato,55bacc87-a884-4f65-86d2-6574ea63edd3,1211,Heirloom Tomato
hemp_seed,1ebe8eec-47eb-45de-8957-e4af20cfc6d2,1212,Hemp Seed
hemp_seed_drink,1edb15a0-03e8-4daf-8958-b84776217177,1213,Hemp Seed Drink
hemp_seed_oil,765b0f03-ce9d-416a-b0d9-80dca345bd00,1214,Hemp Seed Oil
herbes_de_provence,299558b9-e566-404e-9a10-1ee6b254d5ac,1215,Herbes De Provence
herrgardsost_cheese,61f6183f-1ebd-4bbf-82ba-ebf22d494642,1216,Herrgårdsost Cheese
herve,9e20fe38-d3e4-4c70-9baa-0137c2fc151f,1217,Herve
hibiscus,0d84f8eb-e62e-40ce-87ad-579edbc99906,1218,Hibiscus
hibiscus_tea,a82be488-fcbc-46e1-912c-c6825b784324,1219,Hibiscus Tea
hippo_tops,9b66d8e2-4935-4448-aa2e-f9d70185c381,1220,Hippo Tops
hoja_santa,255920be-09c6-4603-824d-c1e0b637f7ca,1221,Hoja Santa
honey,f984cf7f-0b41-4ff8-adbb-3a5d18fce2a0,1222,Honey
honey_mango,4822abf9-6e4a-40d6-ab55-32686abc734a,1223,Honey Mango
honeycomb,e85397a2-eaae-4809-a1e9-4d71bb27ddc3,1224,Honeycomb
honeydew_melon,f9692fe4-cccc-41ff-93e8-562b901e2ce3,1225,Honeydew Melon
horchata,f387c03b-5cc8-4660-bcf2-02b48874b9b3,1226,Horchata
horopito_pepper,f453db85-f503-44e5-96cd-76984167070a,1227,Horopito Pepper
horse_mango,bd822c7d-293e-4450-ad8a-c0dd9a3b4200,1228,Horse Mango
horse_milk,ab6cefa3-73a4-4f14-b517-87a816083c1f,1229,Horse Milk
horseradish,fc85e340-78ff-4eb3-acfc-cdc86645c9c6,1230,Horseradish
horseradish_puree,457c4325-9366-4b7b-8b0f-3169ec26d2ff,1231,Horseradish Puree
hot_dog_bun,ed12d67a-4de9-4fc7-bec2-d30e66891935,1232,Hot Dog Bun
hp_sauce_original,9e6ded29-6bd4-43f6-a884-bec6701c5b6e,1233,Hp Sauce Original
huacatay_1234,e6397daa-8879-4876-ab0d-1fc9f5d47e56,1234,Huacatay
hummus_1235,9683fcb6-e4c5-4a04-8133-7df1714c9e57,1235,Hummus
hyssop,6cfa59c7-1c7f-4abe-a4d3-2063a034815f,1236,Hyssop
hyuganatsu_citrus,736529ab-276a-4554-8f4c-0da4ba847b70,1237,Hyuganatsu Citrus
iberico_pork,eb879829-8e34-4051-aaf7-146990c47d2c,1238,Iberico Pork
iceberg_lettuce,67841e78-2ae3-4b4a-8271-386dda9b2db6,1239,Iceberg Lettuce
icing_sugar,ee796427-3ea6-47f6-b5a7-ed56657edfd0,1240,Icing Sugar
idiazabal,ab39fc5a-32bb-4519-a68d-48302a71a5fd,1241,Idiazabal
illohyang_tea,66f0dac7-9727-46ae-9ec0-10196c542665,1242,Illohyang Tea
indian_bay_leaf,c3e8e6fa-574f-4583-aaee-eb9523e6e21c,1243,Indian Bay Leaf
irish_moss,27ab4ebc-8cdc-4b0f-8d36-7dfd1926d28c,1244,Irish Moss
ishiru_fish_sauce,2e117026-f8f0-4fce-8fdf-39ef324f6572,1245,Ishiru Fish Sauce
isot,42993d98-82db-4413-8e02-573997ac7c8f,1246,Isot
isot_pepper_paste,c76e1702-3e9e-4d65-b083-7c5a74ccd3d6,1247,Isot Pepper Paste
italian_type_salami,14a48d8d-9c32-4115-9b6b-4acbfc30c2a3,1248,Italian-Type Salami
ivy_gourd,7ce22e9b-8b08-4544-af62-d89139617338,1249,Ivy Gourd
jack_daniels_old_no7,7feaa70e-d386-48ca-b504-c4ec367de5f3,1250,Jack Daniel's Old No.7
jackfruit,2e75c35d-c543-49f8-8a2d-abaa910b085b,1251,Jackfruit
jaffa_orange,74d1aaaf-f986-4d2a-9c8b-dde3d4f70a17,1252,Jaffa Orange
jalapeno,8741384e-e7a8-4d9c-8051-1e694fa36715,1253,Jalapeño
jalapeno_jack_cheese,3d470f50-220b-46f0-8d28-5b89e51a07cc,1254,Jalapeno Jack Cheese
jamon_iberico,31cf150c-6a5d-4ceb-a78b-33777ba9dfd0,1255,Jamón Ibérico
japanese_7_spice_mix,5cdf478b-c15d-4b75-b807-5f74c7a19335,1256,Japanese 7 Spice Mix
japanese_parsley,18d1e3e4-f41f-46d8-a886-f47f6d8b9e15,1257,Japanese Parsley
japanese_plum,95e97255-d992-4671-ab6d-6ed097d2cc47,1258,Japanese Plum
japonica_rice,f8e731e3-d010-41d5-bf39-3025d04263ad,1259,Japonica Rice
jasmine_flower,35702bfc-4b5a-41b6-a8e4-89e287087dc1,1260,Jasmine Flower
jasmine_green_tea,7db3f5f4-b938-41e8-bf57-94e52f3f9aa5,1261,Jasmine Green Tea
jasmine_tea,21c0b6c4-177c-4fe8-ad8a-5a8aabb4e5f2,1262,Jasmine Tea
jasmine_white_tea,ecc67e2b-ae5c-47cc-a5a8-8114076e3be0,1263,Jasmine White Tea
jazz_apple,4aea1234-f289-4be5-9c14-0185bbf7c368,1264,Jazz Apple
jerusalem_artichoke,07a4b77f-3a90-4b3b-be15-a2b9cf994ffb,1265,Jerusalem Artichoke
jicama_1266,09822e93-4751-4bdc-a701-8d053e3fdb50,1266,Jicama
johnnie_walker_black_label,077fcc54-b5fd-486f-b6a4-06be0227d7d8,1267,Johnnie Walker 'Black Label'
johnnie_walker_red_label,8ba96498-760e-4502-9014-9c5be4f9524a,1268,Johnnie Walker 'Red Label'
jonagold_apple,94e507ff-da59-4c41-87e4-78c0cb3d1d34,1269,Jonagold Apple
jonagold_apple_puree,fa95748e-1a04-42b6-8aa6-0b3856cc5418,1270,Jonagold Apple Puree
jujube,51fe5c1a-8c24-4c4e-8289-810bf5a63b88,1271,Jujube
juniper_berry,e9a24c3e-4f34-45fa-94f9-200869155965,1272,Juniper Berry
kaew_mango,e4e315b9-4971-47f4-b886-9f5287c7d850,1273,Kaew Mango
kaffir_lime,a8893c67-0327-4fdc-b92a-b419d15060e6,1274,Kaffir Lime
kaffir_lime_juice,dc9d58a7-094f-42c9-ac00-77bc75028a7c,1275,Kaffir Lime Juice
kaffir_lime_leaf_powder,a104a85c-d612-43b2-b7d9-04cddde48ce1,1276,Kaffir Lime Leaf Powder
kaffir_lime_zest,56498428-1fbd-435a-9116-e24a6e1f1ba6,1277,Kaffir Lime Zest
kala_namak,54bae87a-2356-48cf-b307-e3c95a67fe9c,1278,Kala Namak
kale,dbb8e8d3-d356-46c4-b825-bb1f4362bfa6,1279,Kale
kale_sprouts,b18a7890-9388-4004-9505-fde90f4965c9,1280,Kale Sprouts
kampot_black_peppercorn,c0c16f18-7eb1-4dd6-bf6f-fb17d755ac3b,1281,Kampot Black Peppercorn
kamut,0b8b88a5-71aa-4f18-b694-f5fc8c618580,1282,Kamut
karmozijn_pear,7e56b07c-827e-4de1-844c-73fde07ed126,1283,Karmozijn Pear
kecap_manis,b2db24f9-3644-4e2e-9cc0-4396a5fe2639,1284,Kecap Manis
keemun_tea,8f28db73-aa36-480c-b322-b163c455ff18,1285,Keemun Tea
ketchup_1286,40fa3210-9ef3-454d-a62a-f81d067c6c9f,1286,Ketchup
ketel_one_vodka,b821cfc4-2dd1-42b7-899c-f12601f81db2,1287,Ketel One Vodka
key_lime,ec306fb8-1f43-4963-986a-f29b36c91933,1288,Key Lime
key_lime_juice,403a5993-6999-4268-bb38-4da1271ad95f,1289,Key Lime Juice
key_lime_peel,44a0ba74-d18d-4603-88a5-407a1d7471ae,1290,Key Lime Peel
khanum_chilli_powder_extra_hot,ca78e3c6-2d50-4059-a868-1cb1e708d69a,1291,Khanum Chilli Powder Extra Hot
kilmeaden_cheddar_fully_mature_white,60119c81-4615-4ac6-b71e-ecb2faa91f5e,1292,Kilmeaden Cheddar Fully Mature White
kilmeaden_cheddar_mature_red,6c0ab5d1-8fa5-4b89-b71a-ddce319e1a3e,1293,Kilmeaden Cheddar Mature Red
kilmeaden_cheddar_mature_white,4e96ce37-a9c8-4316-90a6-ef082e657c08,1294,Kilmeaden Cheddar Mature White
kimikan,dce13950-0cd3-43f9-98d7-49de35f8898e,1295,Kimikan
king_crab,234e4142-ec57-4f32-bee3-be1e09a1f322,1296,King Crab
king_oyster_mushroom,f9bd6cd6-2e96-4711-9511-82cc26c670af,1297,King Oyster Mushroom
kiwano_1298,da3aee15-1a3d-40d2-91db-073d509027fe,1298,Kiwano
kiwiberry,7c93c09a-1bff-45ef-889a-62ec43b07393,1299,Kiwiberry
kiwifruit,26085adc-60ea-4006-bc3a-6332d9de8ec6,1300,Kiwifruit
kiyomi,bd48caa8-5e02-4ea7-a43e-5d909687b98d,1301,Kiyomi
knackebrod,6973f449-90c2-4edd-92c3-0ab55d242235,1302,Knäckebröd
kohlrabi_1303,2a1377a2-bdf1-494e-8074-c49e32fb8e37,1303,Kohlrabi
kombu_dashi,0dfa8098-8e38-4692-9225-e921bad6d36b,1304,Kombu Dashi
kona_coffee,15ef239a-eafb-490d-8aa7-fff8372af6a5,1305,Kona Coffee
korean_barbecue_sauce,462d64ad-586a-4d46-8700-7561b515e693,1306,Korean Barbecue Sauce
korean_brown_pear,647319a6-f134-4354-9c4f-0493e387fe5d,1307,Korean Brown Pear
korma_curry,adec6004-b760-4e6f-8712-42a1f31ded70,1308,Korma Curry
korma_curry_paste,45d700ae-f88b-4e10-8b4c-318a4847856d,1309,Korma Curry Paste
kramer_atjar,c171f79c-df8b-4c44-be8d-8d129c549bc9,1310,Kramer Atjar
kumato_tomato,46e1f3da-c15d-4948-848c-6dd24fd98799,1311,Kumato Tomato
kumquat_1312,9806c14e-34ad-4509-ae1f-7143344b36f6,1312,Kumquat
kumquat_peel,b5856559-9098-44ff-b632-d3d25bf22a50,1313,Kumquat Peel
labneh_1314,bc8a4f21-9a38-4f27-aaa0-3dbcc3a6cf8d,1314,Labneh
lady_finger_banana,274e2dbe-2658-4b02-91fd-2593a589ae1e,1315,Lady Finger Banana
ladys_mantle,02f64d8a-2b5d-4b4d-9e89-5aff4c9053fe,1316,Lady's Mantle
ladyfingers,924f1b13-4a46-42a6-b775-79811270065a,1317,Ladyfingers
lake_trout,b812b39d-11d4-4da2-ad3a-215c32305abf,1318,Lake Trout
laksa_paste,2ae548e1-d53d-47af-a55d-33fe205a84af,1319,Laksa Paste
lamb_stock,31573072-5709-400f-89c9-f0e380b5fef7,1320,Lamb Stock
lampong_black_pepper,9b3af3b2-1cec-433d-82f2-d6d43c802e0d,1321,Lampong Black Pepper
lancashire,29e84268-db05-4747-ab3f-fddf7a5b8e27,1322,Lancashire
langoustine_stock,1b76140f-98b0-4285-885b-ae7b7d23683b,1323,Langoustine Stock
lapsang_souchong_tea,1230a037-3afd-4396-8d35-426792a961fa,1324,Lapsang Souchong Tea
lard,273e080b-bd6a-4154-8161-d18ac07feced,1325,Lard
lardo_di_colonnata,93274b52-2536-4464-8478-0a6f33d1ed23,1326,Lardo Di Colonnata
latte_coffee,ebcf682d-c2e9-43fb-bba8-133fbce98fa2,1327,Latte Coffee
lavender,9857f8d2-5ed0-43b5-bcb4-8a716f93ab4a,1328,Lavender
lavender_flower,d04e74ab-023c-4fc0-af8f-446acdda0805,1329,Lavender Flower
lavender_honey,7c041448-8db0-4bbe-80e5-54aa932ae1e5,1330,Lavender Honey
laver_nori,d724bf46-5253-4bec-a52b-638f8fe1bdfe,1331,Laver Nori
lebkuchen,055a8a60-1eb2-4ef1-9c5a-1cd88d026fd7,1332,Lebkuchen
leek,dbfa7f12-e158-4de7-824f-5eba8783fe95,1333,Leek
leek_sprouts,2ec5f024-2fb4-4a8f-b775-417501cace11,1334,Leek Sprouts
leerdammer,5de52721-3b5e-4e70-9aed-0b23e184277d,1335,Leerdammer
leicester,6d5e2b2d-0d5f-4ea6-8851-82cdfd425bbd,1336,Leicester
lemon,b56ee7a8-00b2-4971-821e-fc60ef685cb6,1337,Lemon
lemon_balm,dd4964df-99b8-4873-a003-5482a3d1d50d,1338,Lemon Balm
lemon_basil,3ed8fe7c-ec7d-4cdc-a07e-b8d910327584,1339,Lemon Basil
lemon_blossom_honey,c4c9426f-2cee-4833-a05d-46b4c978e257,1340,Lemon Blossom Honey
lemon_curd,090a6b58-4b9f-405a-9a8a-03c5e6a30d2a,1341,Lemon Curd
lemon_curd_tart,e2466d07-d339-4a01-92c7-9ef1afb3bb1f,1342,Lemon Curd Tart
lemon_garlic_butter,2d44cbb7-2c9b-4140-9d88-537f8df077d5,1343,Lemon Garlic Butter
lemon_geranium,ea8ab03d-3acd-4d29-b94f-93343104bdfb,1344,Lemon Geranium
lemon_leaf,aed24f47-337c-4b5b-bdd1-0d8d62ee1814,1345,Lemon Leaf
lemon_mint,fc3088c4-68cb-4f60-a22d-399a4646af1c,1346,Lemon Mint
lemon_muffin,c3006a4f-9cb8-4768-967d-5dbf5a6362bf,1347,Lemon Muffin
lemon_myrtle,95aac986-6e5c-43ae-8469-a5166c1d49e2,1348,Lemon Myrtle
lemon_peel,92d2beb0-f936-46eb-8ecb-ee9d0e04ab47,1349,Lemon Peel
lemon_pepper,2406184d-5531-4d9e-9316-705cd4d01f8e,1350,Lemon Pepper
lemon_sole,8e8f7a1d-ec95-40bb-9a94-8e51202b76f1,1351,Lemon Sole
lemon_thyme,861d284d-97a3-45a7-987b-aafcc2901659,1352,Lemon Thyme
lemon_verbena,1dd8de2b-9c2a-4cae-a3fd-015f9dd80f63,1353,Lemon Verbena
lemon_scented_teatree,dcc438ad-df76-4d9c-99c1-7e29929b7817,1354,Lemon-Scented Teatree
lemongrass,99076b83-19bc-403f-bfe8-b4207abe9884,1355,Lemongrass
lemongrass_puree,7efa27a3-7f6b-4776-a82c-bf13f1ae7dca,1356,Lemongrass Puree
lentil,df4b5f59-c981-445b-8293-43038a531fc4,1357,Lentil
light_roasted_almond,2d3f7450-7e55-4a8b-bd1a-80ea627645ee,1358,Light Roasted Almond
lilly_bulb,380a5b11-6f4a-4996-8f7b-cf39fa9743cd,1359,Lilly Bulb
lime,f17d45bd-f62d-4002-860f-b63c09e270ba,1360,Lime
lime_blossom_honey,872eeb61-99fb-4530-bef8-567e8cf3a9fd,1361,Lime Blossom Honey
lime_cress,dfeb9260-bde3-4362-8845-9efc904fd360,1362,Lime Cress
lime_juice,54e9e424-0414-4a77-8026-63b171608f2a,1363,Lime Juice
lime_peel,19b61bcb-c526-42e0-b4a9-c9e7ab2221dc,1364,Lime Peel
lime_pickle,bf731e92-d120-44f6-8f94-d1fb892f3d9a,1365,Lime Pickle
limelon,27ad32b6-479a-4ef2-98c7-fc75dd6d4074,1366,Limelon
limequat,d1ef008b-a673-4290-a6f9-43e759c378d8,1367,Limequat
limequat_peel,c16b732a-0fc3-4dc8-b425-ca3eb9b39179,1368,Limequat Peel
limousin_beef,3c355d2a-b3f6-48ca-9458-03a5b5284852,1369,Limousin Beef
linden_blossoms,43a7a3d2-8f26-4475-a1af-2f36cb0ca6a4,1370,Linden Blossoms
linden_honey,137e3841-cf74-4876-9492-49153b6a9bfb,1371,Linden Honey
linden_tea,0ebff376-584a-45e4-9ad1-04055164c17d,1372,Linden Tea
lingonberry,f94e9b87-e05b-48d4-ae7e-ba13f3f4f70f,1373,Lingonberry
linseed,b9caec03-448a-4201-8115-ff88c1868616,1374,Linseed
lions_mane_mushroom,0e2c6a45-2f92-4b81-bd6f-b1c59b5d48e4,1375,Lion's Mane Mushroom
liquorice_candies,245f2e9f-d9a1-40f8-9353-43d6cb3e0cda,1376,Liquorice Candies
liquorice_powder,6b12722b-cd9c-4f59-8426-ab622f3c0cb5,1377,Liquorice Powder
liquorice_root,b3c8a175-4db6-4241-ad87-4be699bbbfa5,1378,Liquorice Root
little_gem_lettuce,b639ad2a-036c-455e-85e5-72d108b6536d,1379,Little Gem Lettuce
lobster,57b915f8-e229-43b7-a7b6-3c91f519400d,1380,Lobster
lobster_mushroom,73504269-eb63-4934-b0d0-d1aea9b2c51f,1381,Lobster Mushroom
lobster_stock,cdce6663-41e3-4e53-a55f-db5aec2b7e23,1382,Lobster Stock
loganberry,4878ee5b-c8a9-4644-a9df-e9efe5777eef,1383,Loganberry
lolla_rosa_lettuce,02ecd8e0-8c4e-4296-90a8-285d928fa7d2,1384,Lolla Rosa Lettuce
lollo_bionda_1385,30f75c97-e27d-4e89-a9e0-4c7757c13b0d,1385,Lollo Bionda
lollo_rosso_1386,617a28d1-f2b8-4e9b-8971-665f77fac227,1386,Lollo Rosso
lomo,1ff7ac08-b0a5-441a-8577-c86b63141cd3,1387,Lomo
long_bean,2278273e-12ce-4f6e-9d76-95421fc6e5eb,1388,Long Bean
long_pepper,084046c1-f831-400b-9960-b27695b43494,1389,Long Pepper
longan_1390,5fa24652-2fa6-424a-8961-161b1618c3a1,1390,Longan
longjing_tea,350b0a07-c0a5-45ac-a635-c4ca57891ab7,1391,Longjing Tea
loquat,2ddbde31-e18c-45d4-98e1-0bc9d9420c7e,1392,Loquat
lotus_root,6311a0cf-e5ba-405f-83b0-90065e9cc2d4,1393,Lotus Root
lovage,2eca766a-e4fa-4d4b-b331-d930afca95fa,1394,Lovage
low_fat_yogurt,c5139be9-4d01-49b4-aeb6-dee36ba901b5,1395,Low-fat Yogurt
lucuma_1396,a683abbf-b40b-437d-a214-836c9ac549e9,1396,Lucuma
lumpfish_roe,0698320c-07e5-4ee5-91fc-6e0557c6cbd4,1397,Lumpfish Roe
luwak_coffee,fcba69b2-09b4-4f86-8624-905e4820ce23,1398,Luwak Coffee
lychee_1399,c2c2d557-2918-461d-bb8d-818e0197cbaf,1399,Lychee
lychee_juice,8804dfd3-965a-4e88-b460-62727f32033a,1400,Lychee Juice
lyles_black_treacle,4e9d41ad-b8e9-497f-a257-de4921959383,1401,Lyle's Black Treacle
lyles_golden_syrup,0e686572-0f62-42f3-8216-c146c6668715,1402,Lyle's Golden Syrup
lyoner_sausage,33697798-31c7-423e-89f5-0a98c51f3ee7,1403,Lyoner Sausage
macadamia_butter,ae0f74e1-91dc-4fcd-943d-2c2f0ffadda1,1404,Macadamia Butter
macadamia_nut,5cd3f4db-b089-4203-a32c-be13727f1e95,1405,Macadamia Nut
macadamia_nut_drink,2649d790-9057-4082-9443-e836050721de,1406,Macadamia Nut Drink
macaron_de_paris,cc08e5ec-99f7-4f9c-ae47-66353e3bb40b,1407,Macaron De Paris
macaroni,b7ed3e70-7adc-456b-a8ff-b5552f6ed01c,1408,Macaroni
macaroons,3903b8fd-6c2d-40c4-a401-9213155087f8,1409,Macaroons
mace,0f6a208e-a0f7-4c37-b817-a1d944371f47,1410,Mace
mackerel,4aa45c3e-24c9-41a5-b963-1e694a56363e,1411,Mackerel
madeleine,b6baf964-9963-4d59-8fe2-0e648c362da0,1412,Madeleine
madras_curry,0eb0b06f-cd8f-431b-bfde-1350e63e72f2,1413,Madras Curry
madras_curry_paste,a59ecb21-b85e-4ade-93b8-ce2e6de4a539,1414,Madras Curry Paste
mae_ploy_in_syrup_canned_lychee,f56de393-5427-4f85-ac39-4834a2c7fb86,1415,Mae Ploy In Syrup Canned Lychee
mahleb,79d8ef76-55a3-4861-a965-1fd2f4db9382,1416,Mahleb
maitake_mushroom,14ff512c-1f7f-48dc-9c58-acd01c0c252b,1417,Maitake Mushroom
majii_leaf,62ebf39a-dd8a-4ba1-96bc-ccb0552d0cd8,1418,Majii Leaf®
malabar_black_peppercorn,99099762-3ce1-4f71-b7a3-76cdf4bd748d,1419,Malabar Black Peppercorn
maldon_smoked_sea_salt,9e480fef-b341-453c-a152-ab0f75c13d8b,1420,Maldon Smoked Sea Salt
malt,92340d1c-012c-47c3-9efd-fb60d71e9438,1421,Malt
malt_vinegar,f34a3240-1221-4134-92c4-cacfc071fecf,1422,Malt Vinegar
manchego_1423,7d033b4a-e40c-4f7e-8d8c-ec9c5e2efa7f,1423,Manchego
mandarin_juice,8f5840b7-289f-4ff6-9b70-6436b7d9e795,1424,Mandarin Juice
mandarin_orange,646e9714-48e6-4886-a693-bde83c91a709,1425,Mandarin Orange
mandarin_puree,e2a0ee42-d8d7-4e3a-9177-4d5da9f72257,1426,Mandarin Puree
mango_1427,6d5ddcf6-f875-4e18-9201-73714914307b,1427,Mango
mango_chutney,5a7e3065-968f-4196-a572-5f98637985d1,1428,Mango Chutney
mango_juice,17111872-f021-47c0-b32f-0d88cfb3abda,1429,Mango Juice
mango_powder,36ad1568-14aa-4f94-aa84-9d12c4889553,1430,Mango Powder
mango_puree,175a847d-bbc0-4987-ba16-3894544f3d93,1431,Mango Puree
mangostan_1432,3d85cef3-edc1-4d2e-85a3-b7038b7ace1d,1432,Mangostan
maofeng,f86d4dad-f24b-4d2e-b28d-eebe29fda89e,1433,Maofeng
maojian_green_tea,6bcb7171-7136-4707-8640-2553655d0057,1434,Maojian Green Tea
maple_sugar,2b518bba-0ef5-4d97-b8fa-60c8ac0d4437,1435,Maple Sugar
maple_syrup,9c647ba7-29d9-4c9c-9ca1-13aa1034d3ee,1436,Maple Syrup
maracuja_1437,ba5b82db-cbc7-4a8a-9207-ba9720356394,1437,Maracuja
marigold,4642789b-73ee-448e-838d-907f33218b5f,1438,Marigold
maris_piper_potato,abbc3ef3-b29b-4f67-af9b-2c2bb844b47f,1439,Maris Piper Potato
marjoram,bff9a66b-d5d5-4996-a2e8-f8ce361b3e3f,1440,Marjoram
marmite,4dbf51d8-bc3c-4996-b795-d33170b9c6da,1441,Marmite
martini_bianco,3d612100-64c6-4064-a651-e7a1ceb8d0fa,1442,Martini Bianco
martini_extra_dry,dad84c0b-398a-4094-9648-764f7c3c665f,1443,Martini Extra Dry
martini_rosso,918918ea-49de-4499-a614-266572bd38a9,1444,Martini Rosso
marzipan,e0d67e97-a803-49fe-a753-ab285081a40c,1445,Marzipan
masala_chai,31d89e62-006b-434b-8228-77d00ff74d8d,1446,Masala Chai
mascarpone_1447,d5d52317-b909-4c9f-8b13-be034b08f19c,1447,Mascarpone
massaman_curry_paste,78f10d4e-99ae-4e84-a6d4-72ab37cccd32,1448,Massaman Curry Paste
matcha_powder,157e3a92-58c2-4712-9041-ac7a3440f1c4,1449,Matcha Powder
mate_infusion,d9ebaf70-6cb0-412c-b6e3-8fddc1604040,1450,Maté Infusion
matsutake_mushroom,3463a88b-d814-46a3-8701-fdf033ed2c32,1451,Matsutake Mushroom
matzo,60036d0a-d473-4679-aa13-abdf581112c2,1452,Matzo
maui_onion,5f16a0b2-9850-4db1-b5f0-dd0a55261380,1453,Maui Onion
mayonnaise_1454,7a02cd63-ac2b-4b53-8d29-dfc9f8c8d060,1454,Mayonnaise
mcintosh_apple,59dc5560-ab9c-4012-af3d-3f0c8330af3e,1455,Mcintosh Apple
mechelse_koekoek,e35bc803-513a-4629-8be2-4736d592fe6b,1456,Mechelse Koekoek
mediterranean_sea_lavender,e3ac2e39-b035-42b3-8f1a-fd6e838fa2d3,1457,Mediterranean Sea Lavender
medjool_date,76988268-bdc3-48b7-a5f1-addead692887,1458,Medjool Date
merlot,49c4bce5-0ce4-4dcc-a8a7-53ae92a2fefc,1459,Merlot
mett,602e6a87-0204-4600-b447-9c0a50aa7563,1460,Mett
mexican_mint,49fce547-a9b7-4940-8ee1-55b428a55a5a,1461,Mexican Mint
mexican_pepperleaf,acf4acca-c6bc-4248-bd5d-b0b324ba8a0b,1462,Mexican Pepperleaf
mexican_vanilla,c01fa04d-ccb8-466b-a4d0-cce77391a40d,1463,Mexican Vanilla
meyer_lemon,2ab3e37b-421b-4fa5-8061-0865a4e2276e,1464,Meyer Lemon
meyer_lemon_juice,0d78dcc1-fe7c-4782-b823-767a8fdac835,1465,Meyer Lemon Juice
meyer_lemon_peel,fb1989ea-95c4-4a59-894b-ca9d0c6f32a2,1466,Meyer Lemon Peel
mezcal_1467,35d9a622-73bb-400f-abdc-102d901b2d06,1467,Mezcal
mignonette_pepper,9d92afdb-6b81-4952-985e-304466996743,1468,Mignonette Pepper
milk,dd0c2064-980e-4f4f-8589-67ecbc8d6873,1469,Milk
milk_chocolate,fbc6d477-3be0-4333-b51d-1097beaae85c,1470,Milk Chocolate
milk_ice_cream_base,03d620de-28d7-49ec-b65b-b7e07e814020,1471,Milk Ice Cream Base
milk_oolong_tea,60047c5b-b39d-4c24-bf4c-a61408d86fff,1472,Milk Oolong Tea
milk_sandwich_bread,aede312f-cc38-48be-bea1-aea7bf57850b,1473,Milk Sandwich Bread
milk_tea,91119ffa-0b74-4fc7-9c9c-36bb6c46157d,1474,Milk Tea
millet,6da909bc-fd1e-4ff1-ab4f-98b881f209a0,1475,Millet
mimolette_old,39b2bd42-ef49-4630-88b4-e5c3cd5c682f,1476,Mimolette (old)
mimolette_young,d99e3a88-fbdc-4ef3-afde-c7c2c637da7f,1477,Mimolette (young)
minced_beef,dc46f386-ea68-433c-8b7e-8d6e2dde9b36,1478,Minced Beef
minced_chicken_breast,7cac72b5-9944-4c86-9214-c1fe8e06c186,1479,Minced Chicken Breast
minneola_tangelo,ec6ed7d9-de04-43db-a7f8-68bf2481bde4,1480,Minneola Tangelo
minneola_tangelo_peel,fc507f54-69ac-439b-8524-8b668ba2c03e,1481,Minneola Tangelo Peel
mint,180083d2-666a-4369-a8c7-89ac4d2ea0c2,1482,Mint
mint_blossom,d68ac185-d3bf-4609-9d83-3b9bd2705cd5,1483,Mint Blossom
mirabelle_jam,126b3bb7-981e-4048-9d5a-37ce2d32444e,1484,Mirabelle Jam
mirabelle_plum,e1ba0b18-36c9-4c00-84d5-91aaf14f8296,1485,Mirabelle Plum
mirin_1486,b6d99e15-b6f3-47e5-9695-35311d93fe2b,1486,Mirin
miso_1487,cd27bf90-304b-404e-a2f7-b4c963359b87,1487,Miso
miyabi_melon,49aaed93-8451-4f25-aa58-8e55613873e5,1488,Miyabi Melon
mizuna_1489,7c747368-4151-4725-aa01-39919698bb0c,1489,Mizuna
mochi_rice,f0e70314-2c3d-411e-b908-15fd9fe45b34,1490,Mochi Rice
mojo_sauce,ce5a8f8d-9c94-41b2-af44-051f16c166d5,1491,Mojo Sauce
molasses,29a2bea5-4c61-47a1-bc80-8ea562c4c831,1492,Molasses
monk_fruit,c3d14cbc-6caf-4cc6-829c-2d22f2f1d3a5,1493,Monk Fruit
monterey_jack_cheese,28ee1c0c-9d81-406c-b7dc-acb5e6faa1f7,1494,Monterey Jack Cheese
montgomery_cheddar,953c405c-616e-4f93-a2a7-abf3197447f8,1495,Montgomery Cheddar
moon_cake,623ec0bb-4f52-4b3a-ac10-ebbf5195e1ec,1496,Moon Cake
morbier,9f725da5-cf21-4197-a51f-e0578396e3ca,1497,Morbier
morel,9ed47d91-c98a-4507-8e58-51bc942f8a18,1498,Morel
morello_cherry,1b56dd80-7048-47b2-80f8-030769a5e66f,1499,Morello Cherry
moringa_leaf,4d09af0b-588e-4869-854c-2e2b5555e1c7,1500,Moringa Leaf
moro_blood_orange,feb854f7-1915-4cb4-8ec7-c0ce481791cb,1501,Moro Blood Orange
moroccan_citron,4cf46faf-218b-494a-927b-db428db0aed7,1502,Moroccan Citron
mortadella,b6dfd4ee-879b-4c6d-929c-1e886f57d07a,1503,Mortadella
mountain_mint,313f9889-7ce4-4de5-8340-01b7b053630a,1504,Mountain Mint
mountain_pepper,78fe17bb-1027-470a-b3b1-e29a9aca847b,1505,Mountain Pepper
mousseron_mushroom,d68bb73e-79b3-4f35-b561-093900c1ce92,1506,Mousseron Mushroom
mozzarella_water,dbd55e15-98c6-4dd6-b8f3-4b7a0aec5e1e,1507,Mozzarella Water
muenster,37933567-f072-4325-b756-4f1a897d245f,1508,Muenster
muesli,2e82215f-ef8c-462f-9a83-7e00054fe503,1509,Muesli
muffins,b5848a3a-76d1-4ac5-8691-8d8df6301fe7,1510,Muffins
mugwort,6b0d192e-7819-489c-966b-930da06aa4e3,1511,Mugwort
muhammara,497d69c5-b779-4829-8698-e96228c9473f,1512,Muhammara
mung_bean,1120db9e-3908-4d18-9b35-81b369d49928,1513,Mung Bean
mung_bean_sprouts,7448495b-725e-4d33-91bb-d0879987ac41,1514,Mung Bean Sprouts
murcott_tangerine,d70c746a-413f-4275-abea-4162895d4462,1515,Murcott Tangerine
muscovado_sugar,e3a3e524-0767-404c-aaa8-2ba744a9ec39,1516,Muscovado Sugar
mushroom_soy_sauce,4a58cfb9-f91d-48ec-ae54-c652c561104c,1517,Mushroom Soy Sauce
muskmelon,345f6d4c-1d72-4aa9-b389-da9b7bb5b732,1518,Muskmelon
mussel,1aa4cc77-a87e-4f1c-8042-f1ecd27d54b2,1519,Mussel
mussel_juice,4b80f62e-1dca-43b4-b9ed-813baa5631b8,1520,Mussel Juice
mustard,d002615b-99ae-4426-b39f-238d92b7cd60,1521,Mustard
mustard_cress,d3996e8f-88fb-470b-8ac6-eec5be5818c2,1522,Mustard Cress
mustard_greens,de56ab50-708d-4d53-8849-0b7446ad60f9,1523,Mustard Greens
mustard_powder,4256513c-3519-485f-8f4b-6958d52fdfa6,1524,Mustard Powder
naan,2a17353b-735e-438e-af0e-63519f3526f5,1525,Naan
naga_morich_chilli,be442e77-8cc2-4f81-9d62-b85bad8b53ba,1526,Naga Morich Chilli
nam_dok_mai_mango,851d5880-db4b-4815-9952-ec0c5416d26d,1527,Nam Dok Mai Mango
nam_phrik_phao,35782806-de09-4bce-8a8f-397e538942d5,1528,Nam Phrik Phao
nam_pla,73122b23-10c6-4b5a-9b60-5d28dc64abc0,1529,Nam Pla
nance,6a9e279c-bc3b-42d3-91ad-354214fb8f13,1530,Nance
naranjilla,b74a1494-22fd-43aa-9a01-9eb0ae673844,1531,Naranjilla
nashi_pear,634c46f2-7fdf-44d6-b247-c10adc1c0493,1532,Nashi Pear
natsumikan,439dc45d-6e9a-4b17-80c0-0b78d6893acf,1533,Natsumikan
natsumikan_peel,731f2fc4-fd55-4e98-8223-5ef9d3590854,1534,Natsumikan Peel
navel_orange,58095159-0d2a-46f6-8acb-a68cf014af63,1535,Navel Orange
navel_orange_peel,9aa7fcb5-82b4-40a9-ac2d-d4a32663e16c,1536,Navel Orange Peel
navelate_sweet_orange,6dd8d651-0af0-4529-89bd-5a59644bf9ff,1537,Navelate Sweet Orange
navy_bean,b4303547-f2ca-4d8f-be3d-993c28401ea1,1538,Navy Bean
nduja,eb9b75e3-800f-4b86-92e1-4dcabd4126a7,1539,Nduja
nectarine,21815956-fdf8-4d33-a6fb-e44fcd3f8741,1540,Nectarine
nectarine_puree,fb0f0193-cd70-44ff-9652-7cc1e8583131,1541,Nectarine Puree
nectavigne,6e22c15a-7974-40ed-a939-a216ba3df265,1542,Nectavigne
nettle,56dec1ea-e78e-4644-86ec-ec5c38a50341,1543,Nettle
new_zealand_spinach,8db97f2f-7ed7-439e-8c6c-ab173a563696,1544,New Zealand Spinach
nicolas_potato,8a996897-12a6-4666-a7d4-d49555248742,1545,Nicolas Potato
nigella_seed,3defc524-e688-4bcb-a05f-6df0a4843ce1,1546,Nigella Seed
non_fat_yogurt,28f4ff98-55a8-4dec-bb7a-363ac8f08f7c,1547,Non-fat Yogurt
noni_1548,d6b16b05-422f-43ef-882f-4e59132568a0,1548,Noni
nori_1549,28f36fde-c350-4541-9151-812c836cc368,1549,Nori
nougat,d6b154ac-abfa-4e23-b1cf-5b4398f1f4ef,1550,Nougat
nsala_spice,5d20ff72-6103-4d86-b4d4-35bc59888c60,1551,Nsala Spice
nuoc_mam_sauce,919793cd-1032-4104-856b-e6986330032e,1552,Nuoc-Mam Sauce
nut_based_halva,ea8f270f-1d65-4d1c-9274-0a5814b56785,1553,Nut-Based Halva
nutmeg,e028d1b5-6de9-47be-a1e9-3ffa50205093,1554,Nutmeg
oakleaf_lettuce,367140d5-638a-45ac-9106-33bea355bc15,1555,Oakleaf Lettuce
oat,6056d4fe-7fd9-4529-b243-2650f88c97b2,1556,Oat
oat_drink,8f7f0f30-84cd-4aaf-9f50-b0e034926bdb,1557,Oat Drink
oat_flakes,1a5ddc3b-c0ac-4e0a-a5b6-d328a6b537d8,1558,Oat Flakes
oat_porridge,bc223a63-67c3-43d5-8bc4-d59b2032c696,1559,Oat Porridge
oca,0b4ca0b0-dea0-464a-80e0-4f2cae6be8a6,1560,Oca
ocean_delices_salmon_gravlax,ac437687-3b76-42e4-a6b0-ce9236b43f8e,1561,Ocean Delices Salmon Gravlax
octopus,b319a761-d63d-442c-83cf-76baa710c642,1562,Octopus
ogen_melon,f11948e2-2bb3-4a60-88a5-90c3208227ea,1563,Ogen Melon
oil_roasted_roasted_almond,8ff2b6b1-5849-46a8-b00c-096e92923d21,1564,Oil-roasted Roasted Almond
okinawa_spinach_leaf,2a610254-434a-4f7f-b445-4c36e5d5b429,1565,Okinawa Spinach Leaf
okra_1566,9f068895-8a0a-4d69-957d-92c41298bb81,1566,Okra
old_bay_seasoning,d7a54399-8f4b-4e01-8ce3-97cffe03a389,1567,Old Bay Seasoning
olive_oil,a6d01506-e0a9-4247-b495-1897092446c3,1568,Olive Oil
olive_oil_arbequina,83f9b00d-f4dd-4ec8-b100-3317a88d948e,1569,Olive Oil 'Arbequina'
olive_oil_manzanilla,f1613eed-a7c7-479a-a86d-f767fe031696,1570,Olive Oil 'Manzanilla'
olive_oil_picual,7c91d365-c4c4-4f8f-b32b-cfd49ed8451e,1571,Olive Oil 'Picual'
olive_oil_extra_virgin,bf421e99-a836-4508-83bc-6fd1a2f0cf23,1572,Olive Oil Extra Virgin
omelette,0fd5869c-d83f-47e3-95d8-cb6493a89dc2,1573,Omelette
onion,3513079c-688a-42c4-b641-883a27603b31,1574,Onion
onion_flakes,3c964edc-a47d-42da-9bef-d6a93a6fb21c,1575,Onion Flakes
onion_powder,b1259455-c0dc-4785-a847-caabea23b7b1,1576,Onion Powder
onion_seed,594595a7-d7fd-4681-914e-055da12f41bf,1577,Onion Seed
opal_basil,717c7556-0fc0-47fe-9509-7c40ad37523f,1578,Opal Basil
orange_1579,0cce0c51-f6a7-4bfb-bce1-5e1d82f519f6,1579,Orange
orange_bell_pepper,59406fdc-e7b2-4a87-ae74-81b99a149da7,1580,Orange Bell pepper
orange_blossom,00c3f30a-fe86-44b9-a8ee-2837aef420eb,1581,Orange Blossom
orange_juice,02101552-fb43-47ba-9110-5901205ab844,1582,Orange Juice
orange_marmalade,66ca7b9b-1fd2-4c3f-bcaf-0572b19de4f0,1583,Orange Marmalade
orange_mint,81d88563-1df7-4887-835e-31a6c31937dc,1584,Orange Mint
orange_peel,ce6b231e-4796-4f38-a17a-ce6b74287c42,1585,Orange Peel
orange_peel_powder,92cf314b-258e-482f-a7df-2442c29c86ac,1586,Orange Peel Powder
orange_split_lentil,b4a08507-2454-41cb-8ff8-bea2f7b16fdb,1587,Orange Split Lentil
orange_sweet_pointed_pepper,5333a172-e81b-42e3-b8bc-2b80baa0c0b3,1588,Orange Sweet Pointed Pepper
orange_sweet_potato,57aed8d0-4592-4125-9389-7b10d45fa63d,1589,Orange Sweet Potato
orange_tomato,186df931-17eb-4e1c-a957-800365cf9e71,1590,Orange Tomato
orangelo,749aede9-48c8-4e4c-9268-9b8ad530e002,1591,Orangelo
oregano_1592,f9ea2fa0-454d-4586-8575-a5cb1b9036e8,1592,Oregano
organic_tamari,775d0a16-d4b6-4749-84ff-6faaaf931a80,1593,Organic Tamari
original_jack,816fa9c3-9771-4f14-bb1c-a09e05dd6e38,1594,Original Jack
oroblanco,f5140f89-3876-4835-b876-39db17faef1f,1595,Oroblanco
oroblanco_juice,8f981245-1503-43cd-94e0-ad493309911b,1596,Oroblanco Juice
oroblanco_peel,6e4c9987-8e7b-412a-aacd-fd5a95c82710,1597,Oroblanco Peel
orzo,51311012-3627-4596-98c0-2246bbf929bb,1598,Orzo
oven_baked_beetroot,25db36d8-e308-4335-b2cd-957fa0b35aa5,1599,Oven-baked Beetroot
oven_baked_brazil_nut,cd2677a0-be20-4396-a6dc-61943ff62aa2,1600,Oven-baked Brazil Nut
oven_baked_broccolini,d1b44060-3418-47ba-bbda-28ef83495d5e,1601,Oven-baked Broccolini
oven_baked_brussels_sprouts,0be2383f-636d-4355-9ada-bbbb80cb5e4b,1602,Oven-baked Brussels Sprouts
oven_baked_butternut_squash,cd61e8a6-1a10-4203-8326-c9bd8c5114e1,1603,Oven-baked Butternut Squash
oven_baked_carrot,67176ef1-c74f-4f18-8c2a-ac334edc2ff5,1604,Oven-baked Carrot
oven_baked_cauliflower,28ecf418-4c52-4a2c-8465-4a7af49fa053,1605,Oven-baked Cauliflower
oven_baked_celeriac,3fca0324-c06d-4cf1-bdc9-a997f5d87eb6,1606,Oven-baked Celeriac
oven_baked_champignon_mushroom,3b70cce2-f5d7-4f36-8a75-e11e0c14776d,1607,Oven-baked Champignon Mushroom
oven_baked_chinese_cabbage,549ee8e3-11a2-425c-9b05-4f7f872f0e4f,1608,Oven-baked Chinese Cabbage
oven_baked_conference_pear,de316b61-12ee-4c6d-a959-6cf9615428de,1609,Oven-baked Conference Pear
oven_baked_cucumber,55d49ee7-cdbf-4e75-9a59-2f10ff80c04f,1610,Oven-baked Cucumber
oven_baked_doyenne_pear,b87466f5-101e-4726-bfe2-5cceb76db454,1611,Oven-baked Doyenne Pear
oven_baked_durondeau_pear,77e77675-b5ce-4c76-ba71-783c533f6e45,1612,Oven-baked Durondeau Pear
oven_baked_eggplant,7076c308-922c-4202-8d22-c7d15883a1bb,1613,Oven-baked Eggplant
oven_baked_fuji_apple,3c1d42fc-224d-4bd4-9e2b-b910183d13d4,1614,Oven-baked Fuji Apple
oven_baked_garlic,5c8992cb-6e32-4955-99c1-018523570d79,1615,Oven-Baked Garlic
oven_baked_gieser_wildeman_pear,f44b546b-d8b0-4522-ac24-d6b188a1bd44,1616,Oven-Baked Gieser Wildeman Pear
oven_baked_green_asparagus,783e2424-6373-440a-a66b-06cefbb6002d,1617,Oven-baked Green Asparagus
oven_baked_green_bell_pepper,07beee30-b813-433a-a157-6709a12cece9,1618,Oven-baked Green Bell Pepper
oven_baked_green_cabbage,596ef3ee-e716-414a-a5ff-dcae41aa4c99,1619,Oven-baked Green Cabbage
oven_baked_hazelnut_peeled,1dc554b2-5384-4551-a00e-b98cb8104228,1620,Oven-baked Hazelnut (peeled)
oven_baked_jerusalem_artichoke,a9c7a960-fa2a-477e-b278-33f2eff3f61c,1621,Oven-baked Jerusalem Artichoke
oven_baked_jonagold_apple,c147f7de-7f03-4a70-aa89-7a24b0d20741,1622,Oven-Baked Jonagold Apple
oven_baked_karmozijn_pear,63b24db8-0d7a-4180-ba93-c05adc4c985c,1623,Oven-Baked Karmozijn Pear
oven_baked_king_oyster_mushroom,c5088cbd-184d-4046-987d-22a774529fb3,1624,Oven-baked King Oyster Mushroom
oven_baked_korenaar_asparagus,16a016c7-8be8-4373-a00d-6a28d5c908e7,1625,Oven-baked Korenaar Asparagus
oven_baked_olive_oil_pizza_dough,722e465d-e3cd-4e03-8872-736e9e157a57,1626,Oven-baked Olive Oil Pizza Dough
oven_baked_orange_bell_pepper,991352d6-0c32-49e4-b390-899780dc6471,1627,Oven-baked Orange Bell Pepper
oven_baked_orange_sweet_pointed_pepper,0bd20fec-3148-4c20-80e2-a218e35cf6f6,1628,Oven-baked Orange Sweet Pointed Pepper
oven_baked_parsley_root,8707052e-25ef-4d51-832d-ea9229f69648,1629,Oven-baked Parsley Root
oven_baked_parsnip,e4213763-0fb0-4fd8-8071-64fa55569c6e,1630,Oven-baked Parsnip
oven_baked_pecan_nut,60c4fc58-ed40-4858-9ca5-43e8b0860ef5,1631,Oven-baked Pecan Nut
oven_baked_pork_belly,510f6dd1-3eb4-4b41-bcf3-9d6986f63e69,1632,Oven-baked Pork Belly
oven_baked_portobello_mushroom,9ac6ae20-d33a-40c0-a683-3bc2c35d5dc6,1633,Oven-baked Portobello Mushroom
oven_baked_potato,9044a6c6-22f2-49c3-8077-3faa080c73d7,1634,Oven-baked Potato
oven_baked_puff_pastry,ae67a60c-58b3-4e93-aaa3-257297431d0f,1635,Oven-baked Puff Pastry
oven_baked_pumpkin,541af174-9bf5-463d-aac8-67f6bf7dbcd4,1636,Oven-baked Pumpkin
oven_baked_radish,11ba2a49-ced2-4a54-a5aa-a715b233bdb3,1637,Oven-baked Radish
oven_baked_red_bell_pepper,bdc95c33-0214-4fec-8dce-9ba72bb823ea,1638,Oven-baked Red Bell Pepper
oven_baked_red_cabbage,d89de269-0d68-4057-9d48-b0b90ed4e4d4,1639,Oven-baked Red Cabbage
oven_baked_red_onion,1271bf3d-759c-4fad-b03e-5e74b01b473a,1640,Oven-baked Red Onion
oven_baked_red_pointed_cabbage,de9888c8-711f-45d2-bcb1-04dd5940eceb,1641,Oven-baked Red Pointed Cabbage
oven_baked_red_sweet_pointed_pepper,c9c9112b-f9f7-40c6-9edb-f78eefda1f0a,1642,Oven-baked Red Sweet Pointed Pepper
oven_baked_romanesco_broccoli,21e93c51-28d2-46b9-8dd2-484cd7e3d90d,1643,Oven-baked Romanesco Broccoli
oven_baked_saint_remy_pear,63241640-3d82-41a8-8f96-16e2185608e6,1644,Oven-baked Saint-Rémy Pear
oven_baked_scallion,f896cdba-aec5-4d8e-bd48-8c8d63a9cdcd,1645,Oven-baked Scallion
oven_baked_shortcrust_pastry,9d5d9b37-c319-452f-b126-844c49988603,1646,Oven-baked Shortcrust Pastry
oven_baked_sweet_potato,15f23110-0b15-419e-8d0e-3b73c5db446a,1647,Oven-baked Sweet Potato
oven_baked_tomatillo,a8716c94-8c7c-46aa-9dee-e0f74a44e71c,1648,Oven-baked Tomatillo
oven_baked_tomato,7d560b8d-5077-4e35-ac4b-dedf24410a1a,1649,Oven-baked Tomato
oven_baked_white_cabbage,aca6929a-ccf5-4d71-a43e-8e66c5e2cc8f,1650,Oven-baked White Cabbage
oven_baked_yellow_bell_pepper,ef3f7846-8f47-402d-807f-cb8b472d7d98,1651,Oven-baked Yellow Bell Pepper
oven_baked_yellow_sweet_pointed_pepper,c37b0a30-f2b1-4e6d-ba7f-d9d12f96004b,1652,Oven-baked Yellow Sweet Pointed Pepper
oven_baked_zucchini,784294b4-d61d-408b-aaad-f9eb4081704b,1653,Oven-baked Zucchini
oven_roasted_carolina_reaper_chilli,75bb39bb-2cd3-4eec-a2a3-d2f2832e999b,1654,Oven-roasted Carolina Reaper Chilli
oven_roasted_cashew_nut,45331a8f-4b58-428b-b1a3-a08fe91a2fd6,1655,Oven-roasted Cashew Nut
oven_roasted_cayenne_pepper,012e67f1-a8c7-4860-8282-d520bc3eface,1656,Oven-roasted Cayenne Pepper
oven_roasted_chili_pimiento,e596edc9-7908-4b18-badf-ee3ce09d1b61,1657,Oven-roasted Chili Pimiento
oven_roasted_chinese_cabbage,88eeae72-225e-48a9-93a0-0e5c714d5874,1658,Oven-roasted Chinese Cabbage
oven_roasted_fennel_bulb,b7e417ee-559f-400c-8b66-039241f0af26,1659,Oven-roasted Fennel Bulb
oven_roasted_ghost_pepper,d20459a1-d686-4a2a-a425-760204038928,1660,Oven-roasted Ghost Pepper
oven_roasted_habanero,bb3fd33c-75c8-49a0-9218-cfbc04d70145,1661,Oven-roasted Habanero
oven_roasted_jalapeno,5ba3f317-f6a7-42aa-b0ae-19a48fba0e17,1662,Oven-roasted Jalapeño
oven_roasted_macadamia_nut,547e3e44-85ba-4b4c-a1c3-25b286d2984c,1663,Oven-roasted Macadamia Nut
oven_roasted_pine_nut,8935eb8b-61dc-48bd-8607-edc980a56263,1664,Oven-roasted Pine Nut
oven_roasted_purple_carrot,62f238d1-3644-48f4-8cfd-b6a2ccdd1671,1665,Oven-roasted Purple Carrot
oven_roasted_roasted_almond,e8de03d8-8555-4c57-898a-baa4ff3dccfe,1666,Oven-roasted Roasted Almond
oven_roasted_sesame_seed,f5e98217-7c28-41a2-8f31-2bcddfacaae2,1667,Oven-roasted Sesame Seed
oven_roasted_shishito_pepper,bc257144-a1a5-441d-9a8b-26640ab88c81,1668,Oven-roasted Shishito Pepper
oven_roasted_trinidad_scorpion_chilli,e581568a-fc86-420e-9864-d8604d181999,1669,Oven-roasted Trinidad Scorpion Chilli
oven_roasted_walnut,bbfd1d5e-0305-4586-b7a5-8be538b7ec34,1670,Oven-roasted Walnut
oven_roasted_yellow_carrot,9c36a446-1210-4253-af4d-9fac8d728ea7,1671,Oven-roasted Yellow Carrot
oven_roasted_yellow_madame_jeanette,a19d9ac4-bc71-4763-a8c3-c93fd0ada71d,1672,Oven-roasted Yellow Madame Jeanette
oxtail_stock,b59b9989-6128-48c5-9c93-1c76bcdf212b,1673,Oxtail Stock
oyster,11e2edf8-117a-495f-b185-484654a099d2,1674,Oyster
oyster_juice,aceb91df-4563-47be-a748-6c077b4218c6,1675,Oyster Juice
oyster_leaf,29863a01-bd20-4fff-9454-4032cb1edc15,1676,Oyster Leaf
oyster_mushroom,0dfc328d-c48c-4a5c-8f5c-827785d4e789,1677,Oyster Mushroom
oyster_sauce,d47ca963-668c-44fd-915d-7135b3bf41a4,1678,Oyster Sauce
padron_pepper,96a157fa-d641-4e85-b93d-2d3dd3135164,1679,Padron Pepper
paella_rice,0754c8eb-0101-41a5-9a51-ff4412805928,1680,Paella Rice
pain_de_sucre_pineapple,c93b3031-48a0-4450-99b8-c8fcf8a6a6f9,1681,Pain de Sucre Pineapple
pak_choi_1682,175e18d3-8704-4108-8412-7c59595c981e,1682,Pak Choi
palm_jaggery,a423b7f6-114d-438a-b547-e639a4e76542,1683,Palm Jaggery
palm_sugar,7919f80f-a6f3-47d2-8aff-f29425d25681,1684,Palm Sugar
palmier,79b0cc8f-206d-43f9-b4d4-07ee3348f776,1685,Palmier
pan_freid_ray_wing,9adab9d1-10a7-4b1f-aeff-8e8702e9a05c,1686,Pan-freid Ray Wing
pan_fried_artichoke,99540287-f8fd-4768-8260-0bfa09f030a0,1687,Pan-fried Artichoke
pan_fried_atlantic_salmon,3b2d7e10-4297-4c9e-881a-31b34492fa8b,1688,Pan-fried Atlantic Salmon
pan_fried_bacon,37c68ab3-aefe-4ae0-af6e-4072a46b42f0,1689,Pan-fried Bacon
pan_fried_belgian_endive,3634ac5c-de71-45bc-ae0b-18da193a643c,1690,Pan-fried Belgian Endive
pan_fried_bitter_gourd,1006d6c7-16be-4abc-a46a-5d71b9d46d13,1691,Pan-fried Bitter Gourd
pan_fried_black_salsify,c9c5161b-63fa-4343-ab5a-6d16a41fc0ad,1692,Pan-fried Black Salsify
pan_fried_blood_sausage,0391d3ba-f9aa-4ae7-bdf1-a93085adb6dc,1693,Pan-fried Blood Sausage
pan_fried_blue_meat_radish,c2c3deb7-5ae1-4723-8f45-ec51a493f759,1694,Pan-fried Blue Meat Radish
pan_fried_bratwurst,4c0af466-25c9-498b-a478-3a0943f301b6,1695,Pan-fried Bratwurst
pan_fried_brazil_nut,ab3813c9-dd0b-44fc-a457-0131db5c0d87,1696,Pan-fried Brazil Nut
pan_fried_brill,5c7a56f3-404b-4b95-9e13-ed9116409f98,1697,Pan-fried Brill
pan_fried_broad_bean,ed4cfa50-965c-4dfb-b991-4fc8396f1a68,1698,Pan-fried Broad Bean
pan_fried_broccoli,c9c5c81f-26e9-4405-85f2-6fb7bc1e24ee,1699,Pan-fried Broccoli
pan_fried_broccolini,f9d4237a-5b30-4bbf-9ba9-3efb91971647,1700,Pan-fried Broccolini
pan_fried_brown_chanterelle,1981a7cf-e8fa-489e-bb80-0faf0b1f120a,1701,Pan-fried Brown Chanterelle
pan_fried_brown_shimeji_mushroom,0bc5cdc0-d3f6-4318-8d7b-ed56771cda31,1702,Pan-fried Brown Shimeji Mushroom
pan_fried_brussels_sprouts,30767739-f9d3-4045-b009-e8cb83f334bf,1703,Pan-fried Brussels Sprouts
pan_fried_butternut_squash,ea6b7bd3-0dd9-43c9-a615-e91e1c200ae8,1704,Pan-fried Butternut Squash
pan_fried_calabrese_sausage,250bc504-7dfd-4201-ab89-9ea184f03292,1705,Pan-fried Calabrese Sausage
pan_fried_carliston_paprika_turkish_green_pointed_paprika,73d2589d-4490-45e2-9380-a66dec06e5c0,1706,Pan-fried Carliston Paprika (Turkish Green Pointed Paprika)
pan_fried_carrot,6b221332-2685-4978-80c1-6e7d6d3c82a8,1707,Pan-fried Carrot
pan_fried_cashew_nut,6587dd21-ac2d-4051-ac6b-37d37949e670,1708,Pan-fried Cashew Nut
pan_fried_cauliflower,4f4172f1-52bf-4d84-87e2-6cab5f991564,1709,Pan-fried Cauliflower
pan_fried_cavolo_nero,391c9c6e-dd5a-4ef1-8f53-b5cddf43b634,1710,Pan-fried Cavolo Nero
pan_fried_celeriac,b525df02-fc91-41df-89dc-75aaaa529226,1711,Pan-fried Celeriac
pan_fried_celery,f031c803-4dc9-4a9e-a936-17d7e05f0b48,1712,Pan-fried Celery
pan_fried_cep_mushroom,e46b4668-2a98-4c45-bb7a-bbdf110ede1e,1713,Pan-fried Cep Mushroom
pan_fried_champignon_mushroom,c33d700a-1906-4d1b-8b34-33964a5feda1,1714,Pan-fried Champignon Mushroom
pan_fried_chard,5e0fad42-82aa-4a38-beef-b425ee3e12b6,1715,Pan-fried Chard
pan_fried_chayote,fc046252-80b1-476e-b59f-89b10e3af8ea,1716,Pan-fried Chayote
pan_fried_chicken_breast,f5754c81-7950-4f7f-9600-becf984cfad8,1717,Pan-fried Chicken Breast
pan_fried_chicken_liver,143e94d3-dc68-40e6-a879-d29f3e2ade20,1718,Pan-fried Chicken Liver
pan_fried_chinese_cabbage,6d3a1aa4-0bd2-4fbc-afa9-3d2c080ffe07,1719,Pan-fried Chinese Cabbage
pan_fried_chioggia_beetroot,5e460fde-c6d0-47a7-90d3-ad0f4bf54f41,1720,Pan-fried Chioggia Beetroot
pan_fried_clonakilty_black_pudding,353b97cd-993a-4ca4-a521-0ea9f004821e,1721,Pan-fried Clonakilty Black Pudding
pan_fried_conference_pear,f60ef438-d5fb-4e0a-9870-b81fa2c0527c,1722,Pan-fried Conference Pear
pan_fried_crapaudine_beetroot,0e3bc463-4b08-4535-b86b-3b7380da08ca,1723,Pan-fried Crapaudine Beetroot
pan_fried_cucumber,7086d0d0-d69f-42de-a060-ca11563a3ee9,1724,Pan-fried Cucumber
pan_fried_cuttlefish,e343f9b1-eb00-4208-852f-7f68138b9233,1725,Pan-fried Cuttlefish
pan_fried_deer,5714aac5-1762-4183-a40b-a67a5a1e88cd,1726,Pan-fried Deer
pan_fried_dover_sole,542cdab7-7a10-4d34-a35a-311509748159,1727,Pan-fried Dover Sole
pan_fried_doyenne_pear,979ca568-2b79-4d54-8e72-4546ea1e80c3,1728,Pan-fried Doyenne Pear
pan_fried_duck_fillet,992ba9eb-456a-4d51-9ba5-130e393cad53,1729,Pan-fried Duck Fillet
pan_fried_durondeau_pear,64890ecb-a263-4b07-a509-7d0860054666,1730,Pan-fried Durondeau Pear
pan_fried_edamame,4c4b78b7-d17d-4eeb-a4d2-c518ec31d2a6,1731,Pan-fried Edamame
pan_fried_eddoes,01287bb1-9007-4ab9-93d7-6397e01692fc,1732,Pan-fried Eddoes
pan_fried_eggplant,f096e254-ba50-41d4-a578-0b469f92fbe4,1733,Pan-fried Eggplant
pan_fried_european_seabass,d10478a8-70f2-4cac-b191-33b0db89c8f7,1734,Pan-fried European Seabass
pan_fried_fennel_bulb,3823f3a7-7617-4b93-a051-69cd40d40cf7,1735,Pan-fried Fennel Bulb
pan_fried_flat_bean,935a2c59-0a9f-40d8-a0b4-d096e47fbd7f,1736,Pan-fried Flat Bean
pan_fried_fuji_apple,96878b5d-bfd5-4e3c-a9f5-73c2657a1370,1737,Pan-fried Fuji Apple
pan_fried_gamba,218ad6b9-3210-4cd6-8d29-1a4a4a746c55,1738,Pan-fried Gamba
pan_fried_garlic,51cb4f1b-1748-4051-8c4f-0753cb60a50d,1739,Pan-fried Garlic
pan_fried_gieser_wildeman_pear,f13d7f41-a802-4273-9f2c-6172602370e9,1740,Pan-fried Gieser Wildeman Pear
pan_fried_girolle,b5035208-4229-45cb-b091-913b931e08bb,1741,Pan-fried Girolle
pan_fried_green_asparagus,2381c027-f0d8-424c-9aa0-fa0f46f1ec6b,1742,Pan-fried Green Asparagus
pan_fried_green_bean,be950af5-f445-4f6d-bb85-aa28e14cc22d,1743,Pan-fried Green Bean
pan_fried_green_bell_pepper,3b9249d8-6717-46ea-ba25-2280ee6bf8c0,1744,Pan-fried Green Bell Pepper
pan_fried_green_cabbage,107fa8e4-897c-489f-bc68-75b337df8335,1745,Pan-fried Green Cabbage
pan_fried_green_curry,4cd85fdf-1a6a-4189-92d6-c4dad349a66a,1746,Pan-Fried Green Curry
pan_fried_ground_beef,33df1d7d-e231-4d95-b9d8-53e61f0d1df7,1747,Pan-fried Ground Beef
pan_fried_harissa,a4c4a9b9-427e-4b65-9911-0f041a4a1b78,1748,Pan-fried Harissa
pan_fried_hazelnut_peeled,cf3c9c5b-7d10-4c45-b191-b110ab0a0826,1749,Pan-fried Hazelnut (peeled)
pan_fried_italian_pork_sausage,5437404f-8654-4567-b841-d006dc11ac72,1750,Pan-fried Italian Pork Sausage
pan_fried_ivy_gourd,8e7b15aa-067f-49c9-9cf4-ca9f2bd0c065,1751,Pan-fried Ivy Gourd
pan_fried_jerusalem_artichoke,3f61a661-6e79-4c6b-a20b-e22da08993f1,1752,Pan-fried Jerusalem Artichoke
pan_fried_jonagold_apple,847afe24-80f4-4fec-8409-9de51a65e609,1753,Pan-fried Jonagold Apple
pan_fried_kale,ab622b71-7de6-4042-b68b-73abdda8bda2,1754,Pan-fried Kale
pan_fried_karmozijn_pear,9d317368-9d30-4d92-a2b8-cf0f523931b7,1755,Pan-fried Karmozijn Pear
pan_fried_king_oyster_mushroom,cf235f59-46e1-4040-93a0-ae11d2b8de8d,1756,Pan-fried King Oyster Mushroom
pan_fried_king_prawn,00e6f613-7b37-42b6-be92-e9986495f702,1757,Pan-fried King Prawn
pan_fried_kohlrabi,efd66006-4afc-46e8-91c0-b00bf6059235,1758,Pan-fried Kohlrabi
pan_fried_korenaar_asparagus,1b0f8df7-777b-4cad-95ed-0d98f30085c5,1759,Pan-fried Korenaar Asparagus
pan_fried_lamb_chop,51f90ac3-4579-4cf5-8d86-e043c0cef2ce,1760,Pan-fried Lamb Chop
pan_fried_lamb_fillet,09180fd0-b454-4872-bfda-56fb1c90e447,1761,Pan-fried Lamb fillet
pan_fried_lions_mane_mushroom,e4006fcc-9653-42f0-bd0b-d78e804cdbf4,1762,Pan-fried Lion's Mane Mushroom
pan_fried_little_gem_lettuce,8d97dec6-9d6b-4aa9-a388-00a408a90e0c,1763,Pan-fried Little Gem Lettuce
pan_fried_macadamia_nut,8913cf83-97a5-418f-ac20-c0ea5627e68c,1764,Pan-fried Macadamia Nut
pan_fried_mackerel,80a2d258-3e28-4c9b-b566-daeb78163b47,1765,Pan-fried Mackerel
pan_fried_mung_bean_sprouts,26a4cca3-3e19-4f0c-b313-ed4a595bd63f,1766,Pan-fried Mung Bean Sprouts
pan_fried_norway_lobster,1b12d28d-ee3e-4c49-afe7-509a7211f7ec,1767,Pan-fried Norway Lobster
pan_fried_oca_de_peru,3036a20d-1ac9-41f2-a982-96c2bfeaf8de,1768,Pan-fried Oca de Peru
pan_fried_okra,17c486e7-5a5e-4724-8bed-1419fe69f0ae,1769,Pan-fried Okra
pan_fried_orange_bell_pepper,9848a6e5-c6d4-4ac0-83e7-016419a1490d,1770,Pan-fried Orange Bell Pepper
pan_fried_orange_sweet_pointed_pepper,7fd2a8dd-596f-4b3c-9771-530d4e47fabb,1771,Pan-fried Orange Sweet Pointed Pepper
pan_fried_oyster_mushroom,6a03f6a1-de01-46dd-af3d-415e8837d635,1772,Pan-fried Oyster Mushroom
pan_fried_padrone_pepper,c0a40493-5090-4c00-892d-2f6a80f85ee9,1773,Pan-fried Padrone Pepper
pan_fried_pak_choi,cca03774-00f5-447f-a17e-9b3375061b24,1774,Pan-fried Pak Choi
pan_fried_parsley_root,12c519da-8772-4af0-bea8-e8903e4cb9a7,1775,Pan-fried Parsley Root
pan_fried_parsnip,9ea6e481-dbdb-413f-bc1b-c66c5e6a5871,1776,Pan-fried Parsnip
pan_fried_parwal,f7f44233-54c6-43fa-a8fd-d8b791cbd489,1777,Pan-fried Parwal
pan_fried_pea,b8810945-384f-41d1-90c7-af179a49f10e,1778,Pan-fried Pea
pan_fried_pecan_nut,0f921a6c-313a-4c1d-842f-66795d7d21fe,1779,Pan-fried Pecan Nut
pan_fried_pine_nut,b26702f4-9bdc-4697-b39e-a01cccfc1d49,1780,Pan-fried Pine Nut
pan_fried_pink_meat_radish,ba2846ca-ab7a-4270-a3cf-802263f2e140,1781,Pan-fried Pink Meat Radish
pan_fried_pistachio_nut,e91348aa-2dc5-4c56-a316-e4768e62f7ef,1782,Pan-fried Pistachio Nut
pan_fried_plaice,b4e4f1f3-2a9d-4cab-9349-34e166dce470,1783,Pan-fried Plaice
pan_fried_plantain,ad3ecd2b-992c-48be-8b83-ef49fc94f3aa,1784,Pan-fried Plantain
pan_fried_pointed_white_cabbage,850bb679-d535-4084-b160-45d330a95678,1785,Pan-fried Pointed White Cabbage
pan_fried_pork_loin_rib_steak,7dbf27cf-6b69-46b7-9a99-7f8eb5cc8fd6,1786,Pan-fried Pork Loin Rib Steak
pan_fried_portobello_mushroom,22aa6252-a60e-4cfa-a8d5-e4353f11cfcd,1787,Pan-fried Portobello Mushroom
pan_fried_potato,4949fe73-e7d5-49de-b7ad-c967876b7e63,1788,Pan-fried Potato
pan_fried_pumpkin,c31d796f-db7e-45a1-8001-07076a94b620,1789,Pan-fried Pumpkin
pan_fried_pumpkin_seed,82db0707-e405-4a47-a0e7-e636819f22a0,1790,Pan-fried Pumpkin Seed
pan_fried_purple_carrot,14d4986f-ac65-4b30-9bd9-9750e02f6379,1791,Pan-fried Purple Carrot
pan_fried_quail,457976c7-80bf-473d-af49-116ccd12e3f5,1792,Pan-fried Quail
pan_fried_quince,0aa9bd34-83b9-4a4f-86e8-3ca33c7b4aa0,1793,Pan-fried Quince
pan_fried_rabbit,48adf2dd-91c1-4b92-aa69-92b20dba6e12,1794,Pan-fried Rabbit
pan_fried_radish,b395a690-0ab2-4479-90b0-54cda4f84005,1795,Pan-fried Radish
pan_fried_razor_clam,b8b7d733-1cb9-4b62-962a-3a66bdcc818e,1796,Pan-fried Razor Clam
pan_fried_red_bell_pepper,e6774898-e89f-459b-a3bf-23329d4f93e1,1797,Pan-fried Red Bell Pepper
pan_fried_red_cabbage,314b3f40-4672-4d6e-8a59-a7c02de88d4b,1798,Pan-fried Red Cabbage
pan_fried_red_curry,ca5bea25-1adf-4b15-94f3-f4de10e1778d,1799,Pan-Fried Red Curry
pan_fried_red_meat_radish,f4cb57a6-9504-4c25-823b-b910920c841a,1800,Pan-fried Red Meat Radish
pan_fried_red_mullet,b6901520-663f-42a9-a4c8-ae8394fdd674,1801,Pan-fried Red Mullet
pan_fried_red_pointed_cabbage,ba37d6c5-fa97-4779-90a5-dd766864f0bb,1802,Pan-fried Red Pointed Cabbage
pan_fried_red_sweet_pointed_pepper,428b8084-b9c4-48f5-9388-380d5a1b3391,1803,Pan-fried Red Sweet Pointed Pepper
pan_fried_rhubarb,465a068e-1c34-4a85-9992-7da6346b57d2,1804,Pan-fried Rhubarb
pan_fried_roasted_almond,a5335400-55f8-4df7-880f-1ed72d806e54,1805,Pan-fried Roasted Almond
pan_fried_romanesco_broccoli,0e266e5b-2d85-4a75-b042-a193d83123bb,1806,Pan-fried Romanesco Broccoli
pan_fried_rutabaga,e1703009-4aff-41cb-ad06-43b3f1a2e874,1807,Pan-fried Rutabaga
pan_fried_saint_remy_pear,dca1988c-4dbf-4b33-93b8-c403b90c84a2,1808,Pan-fried Saint-Rémy Pear
pan_fried_salted_soybean_snack,29e1f0e0-73c9-4c7d-9b56-07832fbf0e30,1809,Pan-fried Salted Soybean Snack
pan_fried_scallop_saint_jacques,21a49fb6-29d5-48d3-9760-558af08b81dc,1810,Pan-fried Scallop Saint Jacques
pan_fried_sesame_seed,85f52b3b-2d24-40fb-b21c-728e5de0c278,1811,Pan-fried Sesame Seed
pan_fried_shanghai_pakchoy,708366d7-2293-4f75-aff4-831d699fade4,1812,Pan-fried Shanghai Pakchoy
pan_fried_shiitake_mushroom,fd4b8403-e89c-4da9-b655-0c271bdd8fe0,1813,Pan-fried Shiitake Mushroom
pan_fried_skrei,c154cfea-3e31-48e4-ba0b-d204659dcb4d,1814,Pan-fried Skrei
pan_fried_smoked_black_chorizo,d6efbf7c-2887-4215-949f-52b1d9ee6bb5,1815,Pan-fried Smoked Black Chorizo
pan_fried_snow_pea,586c4e64-eddb-40c5-8ef4-318acb38a238,1816,Pan-fried Snow Pea
pan_fried_sugar_snap,4204a443-7677-44d6-96f3-d1c08c1f4d8a,1817,Pan-fried Sugar Snap
pan_fried_sunflower_seeds,9b532b31-46c0-4ea3-bcfc-10454dd8430d,1818,Pan-fried Sunflower Seeds
pan_fried_sweet_corn,905d2840-a45c-4a91-95cf-ccd33203cc1a,1819,Pan-fried Sweet Corn
pan_fried_sweet_potato,2e3f6a91-f16f-4e17-97b1-6bef3b87f105,1820,Pan-fried Sweet Potato
pan_fried_thai_green_chili,9413adf5-bb87-4874-a24f-d96164e7d796,1821,Pan-fried Thai Green Chili
pan_fried_tikka_masala,badb2949-9b23-4a7c-b477-ecd0ab080b68,1822,Pan-fried Tikka Masala
pan_fried_tomatillo,51d361ca-a1b9-4129-bee9-84424a1ce571,1823,Pan-fried Tomatillo
pan_fried_trout,97d9cbc9-9ad1-443d-8c11-20728de6d0bc,1824,Pan-fried Trout
pan_fried_tub_gurnard,54957e6a-cd57-4aa2-bfed-3a3e81d2b14d,1825,Pan-fried Tub Gurnard
pan_fried_turnip,719ac390-064b-4d22-b006-40761376d730,1826,Pan-fried Turnip
pan_fried_veal,7d47f136-67fd-4561-83d6-dc3b88c18096,1827,Pan-fried Veal
pan_fried_veal_sweetbread,8c29bdfd-3b2f-497c-8506-09c7edf918d4,1828,Pan-fried Veal Sweetbread
pan_fried_vitelotte_potato,1939c50c-ab01-4a8b-b51a-a4f170ac5f97,1829,Pan-fried Vitelotte Potato
pan_fried_walnut_with_peel,7a54d152-661c-42f5-ba6f-2a8d47d4e718,1830,Pan-fried Walnut (with peel)
pan_fried_white_asparagus,145159de-e8c9-4a3a-a2e8-0e9d286b9360,1831,Pan-fried White Asparagus
pan_fried_white_cabbage,8e5cd978-7bff-422b-af70-13a2341a2282,1832,Pan-fried White Cabbage
pan_fried_white_icicle_radish,a2bc7113-b432-48b6-b5ba-e2b929d27735,1833,Pan-fried White Icicle Radish
pan_fried_white_shimeji_mushroom,f4beecdc-0ec5-44be-81a1-e6006dcb4052,1834,Pan-fried White Shimeji Mushroom
pan_fried_wild_boar,cf9aae62-1ec6-483e-aefd-8cfd69e1aa0c,1835,Pan-fried Wild Boar
pan_fried_wild_wood_pigeon,f41ad529-6b04-4b34-9c4a-1bb4106045df,1836,Pan-fried Wild Wood Pigeon
pan_fried_yellow_bean,18adb3f3-8ce7-4b80-b361-e8bc18f76157,1837,Pan-fried Yellow Bean
pan_fried_yellow_beetroot,4dce1218-b341-496b-8ccb-7824aaa993bf,1838,Pan-fried Yellow Beetroot
pan_fried_yellow_bell_pepper,f157bab3-fcb4-4926-9e77-649ac1f0c276,1839,Pan-fried Yellow Bell Pepper
pan_fried_yellow_carrot,e4467a85-71df-4ea6-9656-497af95a0c92,1840,Pan-fried Yellow Carrot
pan_fried_yellow_sweet_pointed_pepper,62c56ea2-1f74-4d15-bbb3-129bcda10a6f,1841,Pan-fried Yellow Sweet Pointed Pepper
pan_fried_yellow_turnip,a3347d38-98e4-494c-81c5-8cfcba4f5b93,1842,Pan-fried Yellow Turnip
pan_fried_yellowfin_tuna,311de961-6b29-45d8-a795-92904cd61256,1843,Pan-fried Yellowfin Tuna
pan_fried_zucchini,8a99995d-3c18-4d6f-895c-4f55633c3774,1844,Pan-fried Zucchini
pan_fried_boiled_green_cabbage,c8a13042-0f5f-4b63-8cee-2b3d0140177f,1845,"Pan-fried, Boiled Green Cabbage"
pan_fried_boiled_snow_pea,05a3f98f-4739-4106-89bf-8dd7b2c58771,1846,"Pan-fried, Boiled Snow Pea"
pan_fried_minced_pork_and_veal_meat,c2f24f50-2a10-472f-a122-f90b338e4066,1847,"Pan-fried, minced Pork and Veal Meat"
panang_curry_paste,aa20c101-8afa-4bf8-b04b-a87cbe97e760,1848,Panang Curry Paste
pancake,acfa6c26-94a6-463c-a99e-9efc2d802e9c,1849,Pancake
pancetta_1850,2813e2c8-baf0-43d0-beed-9bb4ab7ab02d,1850,Pancetta
pandan_cake,b63854b0-e6d8-47a8-bf4f-d4d47c683522,1851,Pandan cake
pandan_leaf,64a9b8da-0f17-4a40-99a9-630bed435d4a,1852,Pandan Leaf
pandan_rice,963af0d8-c563-4b75-a513-d8f38e26016c,1853,Pandan Rice
panettone,99389886-5ef6-409c-a8d8-a58f351e4f4f,1854,Panettone
panko_1855,d0d77c3c-b7ee-4a24-870c-2678f4bfee81,1855,Panko
paprika_powder,2ca64c21-82e3-4958-9ad5-bcf309dde250,1856,Paprika Powder
paraguaya,f8ca752c-7082-4f03-a5ea-f277936c7aa1,1857,Paraguaya
parboiled_rice,f0a46681-41c8-489e-8b65-76ea320bee07,1858,Parboiled rice
parma_ham,e3b8083d-7db2-477a-8ecd-18b98650d585,1859,Parma Ham
parmesan_cheese,dc36609e-e6b3-4768-b051-6a30589743f2,1860,Parmesan Cheese
parmigiano_reggiano,680c4544-7b86-46fd-be37-f7fab08c7c8c,1861,Parmigiano Reggiano
parsley_curly_leaved,8d4a72f8-2b37-4326-97af-5553e411392c,1862,Parsley Curly-Leaved
parsley_flat_leaved,f1658971-ea1e-4c03-b00c-4dcd38bb98bb,1863,Parsley Flat-Leaved
parsley_root,60e0ae97-eb06-45ad-95cf-92cd3aee8cac,1864,Parsley Root
parsley_seed,7a2800fb-224f-4681-be42-cf403d758bf4,1865,Parsley Seed
parsnip,a7a66b90-ed24-46ae-a41c-1413cc510888,1866,Parsnip
passata,f818282d-5e29-4cdd-8545-dc9425302749,1867,Passata
passata_soffrito,7ecb8afc-48b0-4b33-8c6c-a89e1a126642,1868,Passata Soffrito
passion_fruit,50dd344c-13fe-41b6-871e-12c0347cb942,1869,Passion Fruit
passion_fruit_juice,4da2d75e-7f00-4a94-b605-819fb2fd5316,1870,Passion Fruit Juice
passion_fruit_pepper,20fb1439-d685-4614-9b75-d2c3e59321e3,1871,Passion Fruit Pepper
passion_fruit_puree,749e6dee-b73a-4cd2-a28d-26785cbc1d5b,1872,Passion Fruit Puree
pasta_1873,d900c401-b266-4c87-a4cf-5edc2fba4c59,1873,Pasta
pastis_henri_bardouin,bf9b2b5c-76ac-4dac-98ce-5b4ec1067a94,1874,Pastis Henri Bardouin
pastrami_1875,42429817-acc5-49da-9667-848631974b3e,1875,Pastrami
pea,750ffd6e-44a7-41d3-ba4c-f9061dbdb54a,1876,Pea
pea_milk,c0ee900c-bd72-489a-90f6-d463bb9c4950,1877,Pea Milk
peach_jam,1fb4ecae-9d25-465b-8fde-313e79ceb8cf,1878,Peach Jam
peach_puree,1d9182ed-66ef-45a7-9463-4138b363eb42,1879,Peach Puree
peanut,7d0cadf0-e7ad-4c01-af20-c564be8d1088,1880,Peanut
peanut_butter,a8c672fe-998e-4754-8aa8-158f97a2d37e,1881,Peanut Butter
peanut_oil,7ddb5b04-3418-4643-bd5b-7f36c5104afa,1882,Peanut Oil
peanut_powder,1702a7d3-4587-4e03-b119-2b678acf67f0,1883,Peanut Powder
pear_juice,b6a28a53-3bdb-4959-b3c0-9ae5aa6f5622,1884,Pear Juice
pear_mint,bdaf576f-ae8b-40fa-b761-3a8bd552a44c,1885,Pear Mint
pearl_onion,6eed883a-28e3-45e6-afb2-2008c5a993ac,1886,Pearl Onion
pecan_nut,76b79fa2-74ef-467e-8408-142cac9bcd02,1887,Pecan Nut
pecorino_1888,1326b238-d714-47dd-bba0-69ff0f4b75fc,1888,Pecorino
pecorino_chianti,dad43e5b-a19e-4c10-a68d-9276f6d036ca,1889,Pecorino Chianti
pecorino_romano,b926e17b-9add-4a53-bd1d-451ffd91d07e,1890,Pecorino Romano
pecorino_siena,a252e386-8969-4720-9978-85abd44686cf,1891,Pecorino Siena
pecorino_toscano,0a836f24-62c0-4bc1-b9b9-c930f6a36f45,1892,Pecorino Toscano
peeled_hazelnut,d6aef272-40a8-436c-b559-8ab4baa17a2f,1893,Peeled Hazelnut
penne,de4a6c69-3b4e-4e4a-af24-66cb75aaa35b,1894,Penne
peperkoek,7b913751-bf2c-40d9-9a38-a92c951108ec,1895,Peperkoek
pepino_1896,62b390cc-250d-4892-8de1-7395a4a7f6fb,1896,Pepino
pepper_jack_cheese,0c057bf9-3053-44f2-9256-e40f8b83dd89,1897,Pepper Jack Cheese
peppermint,3a25e597-1add-41ce-aeed-a47a63238c92,1898,Peppermint
pepperoni_1899,609a2475-f593-4d91-b5c8-375b4c28de11,1899,Pepperoni
peppersoup_spice_mix,3190fe90-6ee2-4a19-ac35-7bfb836fed4a,1900,Peppersoup Spice Mix
pepquino,9a13f16d-4d3a-4824-85d1-f6fbd89fcdc6,1901,Pepquiño®
pequin_pepper,a46c0c5e-579f-46ea-9f66-7810c79a8226,1902,Pequin Pepper
perfume_guava,9d7e6d58-b899-4964-9f4b-62153df4c941,1903,Perfume Guava
perilla_1904,a75a0cde-d647-4d13-be9a-50bb2569ba91,1904,Perilla
persian_lime,e7d1490c-2545-49a9-bad1-242080c3c6e5,1905,Persian Lime
persimmon,5f1e5184-8e88-4dd9-86a6-2d5c8513ead9,1906,Persimmon
peruvian_pepper,b5d89442-3ef1-47ca-9097-92f52c124963,1907,Peruvian Pepper
petit_suisse,3828a8de-6a09-4587-a140-19b643eb6dc3,1908,Petit Suisse
physalis_1909,6aa13e21-f57b-4da6-bdd7-35e717a7e700,1909,Physalis
piccalilli,3e33a1ae-feed-4207-8bdc-62740041051b,1910,Piccalilli
pickle_sakura_leaf,026931a5-510d-44ba-b808-60aecc0d5fcb,1911,Pickle Sakura Leaf
pickled_caper,19372af0-b1ab-487a-a316-ffe4dfe32c05,1912,Pickled Caper
pickled_carrot,16effea1-4017-4cc8-beaf-76b1ad48fd89,1913,Pickled Carrot
pickled_chili_pepper,84195db4-c5e0-436d-968c-4d067d0ed5ea,1914,Pickled Chili Pepper
pickled_cucumber,a698ee48-3083-447e-b6d0-a424942d28c2,1915,Pickled Cucumber
pickled_ginger,58551f54-c5a8-4bb6-b391-827d2f9f351a,1916,Pickled Ginger
pickled_grapevine_leaf,f10d88f0-d3fd-43da-846f-f369ccb4be04,1917,Pickled Grapevine Leaf
pickled_green_mango,a361519f-8b5e-43a0-b660-a3d4deadbbf1,1918,Pickled Green Mango
pickled_green_papaya,713c5171-c481-4fba-b1c1-4bf427976785,1919,Pickled Green Papaya
pickled_green_peppercorn,23edfd6f-ba20-4939-9e7e-e0b0b523b682,1920,Pickled Green Peppercorn
pickled_herring_fillet,38633a82-ec64-4c8c-8769-169dd2ea7399,1921,Pickled Herring Fillet
pickled_jalapeno,6c9a4fda-4e30-44ae-9289-e0397f0769c8,1922,Pickled Jalapeño
pickled_mustard_seeds,2774acf1-9c8b-4bf0-ba2b-155525c13486,1923,Pickled Mustard Seeds
pickled_onion,51e8fbb8-64fa-43f5-8e47-9236705963ba,1924,Pickled Onion
pickled_sakura,a0006f42-7173-4a9f-9d83-9c0d79694c45,1925,Pickled Sakura
pickled_walnut,8f47a6af-fe3a-4d69-964b-d4ce1c048390,1926,Pickled Walnut
piel_de_sapo,6a6784ea-1bfd-4d56-8d58-6c3049a6f99b,1927,Piel De Sapo
pigeon_stock,1d77e169-1280-400d-a6a4-771c56ec79eb,1928,Pigeon Stock
piment_despelette,7fc78a1b-f857-4db5-8175-354cd16ec4af,1929,Piment d'Espelette
pimento_leaf,4b5a3b42-b7bf-4dad-bcf9-d68375f04ee6,1930,Pimento Leaf
pindjur,26b4c5e7-afd6-4bcb-a64c-8b3fb8feff3d,1931,Pindjur
pine_buds,036cf61b-7ecb-4574-9758-16b173e65b0a,1932,Pine Buds
pine_mushroom,dcaa21b6-876f-4759-a4b2-44bee1feaafe,1933,Pine Mushroom
pine_needle,bfecbedd-8e12-4efa-ac86-9c53a79cc421,1934,Pine Needle
pine_nut,61465be3-e7b0-45d0-8bad-0a2477ca8cd9,1935,Pine Nut
pineapple,bd46e557-fc70-4940-a467-621ad33797fb,1936,Pineapple
pineapple_jam,f3013251-a1e0-4462-a62d-b2f078a86e30,1937,Pineapple Jam
pineapple_juice,61f8c846-460b-4457-afdd-ffeeffb0a84d,1938,Pineapple Juice
pineapple_mint,dabf6861-fa0d-41d5-b444-0278861ddf6a,1939,Pineapple Mint
pineapple_puree,673d8fb9-8e8c-498a-a14b-5d414621880f,1940,Pineapple Puree
pineapple_sage,445f554b-f395-47e9-bcd7-0421539f1e24,1941,Pineapple Sage
pink_grapefruit,3b3e8f2d-0b1c-41b3-8319-308b7dbbff3d,1942,Pink Grapefruit
pink_grapefruit_juice,7479a97d-a3b2-4951-b0d3-820ef8a66d23,1943,Pink Grapefruit Juice
pink_grapefruit_zest,beab546b-03cc-4a97-ac49-2484dc2f1d5c,1944,Pink Grapefruit Zest
pink_lady_apple,127d3ba0-949a-435f-9761-49f5ff8c306f,1945,Pink Lady Apple
pink_meat_radish,57520044-b95e-47f8-b9df-7c5f28621f4d,1946,Pink Meat Radish
pink_pepper,cd28d96d-c179-4a8f-96f6-7e65df500c76,1947,Pink Pepper
pink_pomelo,2e509a51-3ca9-4b1d-8527-08d5338449f1,1948,Pink Pomelo
pink_pomelo_peel,3627caba-7e3b-4cf2-8d52-fc953c25e8bb,1949,Pink Pomelo Peel
pink_salmon,211ba0c1-663c-4b68-abd1-0a8de2032e6d,1950,Pink Salmon
pink_salmon_caviar,eeb61868-2659-464c-affa-f131b894ae95,1951,Pink Salmon Caviar
pink_shrimp,c3c07855-438e-4ce7-9b45-015deeafd81d,1952,Pink Shrimp
pinto_bean,aa55fede-eae6-4a72-a267-c53588a0422b,1953,Pinto Bean
piri_piri,268bb5a8-f7cf-49ea-82ee-3df718b92912,1954,Piri Piri
pistachio_drink,b8da4758-cab0-4aa5-94bb-52ef5f366c74,1955,Pistachio Drink
pistachio_nut,8f230f2b-4276-402e-aecc-2b3160d0988a,1956,Pistachio Nut
pistachio_nut_paste,48ded1fa-c619-4f7d-b9f5-b70fd4211c41,1957,Pistachio Nut Paste
pistachio_oil,d072d4a8-9d5e-414e-9408-49b9d5a00877,1958,Pistachio Oil
pita_bread,3fa66291-2dce-4056-89af-643620df006a,1959,Pita Bread
pitaya,7a29d9b7-5130-4033-89ff-e7314c611f18,1960,Pitaya
pixian_doubanjiang,aab081bb-bf4a-4416-a324-0c25ac2ad4a5,1961,Pixian Doubanjiang
plankton,83212144-f257-42bf-b17b-e45c8d969b71,1962,Plankton
plantain,2cc68775-097e-4f02-8c31-6fc890dffcec,1963,Plantain
plum,76849a5b-b7e1-4933-bf4a-5f9980300253,1964,Plum
plum_jam,310f6c46-8822-4318-a365-332f05c3c672,1965,Plum Jam
plum_juice,c5149316-9823-4ecc-91f9-719c73f08ffe,1966,Plum Juice
plum_puree,55253d02-69c5-48d1-bdad-0f2ade590834,1967,Plum Puree
plum_tomato,56077232-f783-44e0-a4be-dfdd66637282,1968,Plum Tomato
poached_atlantic_salmon,2e48d014-0240-48c4-bb54-7e05806fd6e0,1969,Poached Atlantic Salmon
poached_beef,2668ab32-d8b3-46cf-9930-38df2db0f107,1970,Poached Beef
poached_bone_marrow,9a051346-eae0-4f95-ae76-f1f59d5aea72,1971,Poached Bone Marrow
poached_chicken_breast,a0e85698-9ee2-4b4a-a5b8-6e4656cf5068,1972,Poached Chicken Breast
poached_conference_pear,ad509182-12a8-444c-909d-841accf8e7ed,1973,Poached Conference Pear
poached_dover_sole,d19ebed2-4254-4997-a58e-84e043942e46,1974,Poached Dover Sole
poached_doyenne_pear,9af8c443-4aa4-4c1a-819a-8bbff6ce1169,1975,Poached Doyenne Pear
poached_durondeau_pear,1a7c522e-a0a9-49a5-9ecd-d9777ac88d2c,1976,Poached Durondeau Pear
poached_european_seabass,f3884d7b-5cb1-4cb2-a75c-6edb591c2e47,1977,Poached European Seabass
poached_gieser_wildeman_pear,46ab5917-6161-4b31-a483-7aeb1d18d6d2,1978,Poached Gieser Wildeman Pear
poached_grey_mullet,03c4025c-923d-4f89-b73d-0e71a82b7cda,1979,Poached Grey Mullet
poached_halibut_fillet,f2f7bdb9-7489-47cb-b397-d21cb2f3138a,1980,Poached Halibut Fillet
poached_jonagold_apple,4eccab95-8c3b-44e4-8b4d-79bb4af9cd08,1981,Poached Jonagold Apple
poached_karmozijn_pear,0bb3c487-58b3-4dd3-97bb-02c85c8c8958,1982,Poached Karmozijn Pear
poached_king_prawn,535e482d-1ba5-4448-81e0-63dda28be0cd,1983,Poached King Prawn
poached_lake_trout,1c9c6662-6ebe-4f78-885f-1876de5575d6,1984,Poached Lake Trout
poached_lemon_sole,c648cf17-f8df-4199-8468-7265227fa236,1985,Poached Lemon Sole
poached_mackerel,b11dd01a-eabf-4c64-8785-446d6111a4a0,1986,Poached Mackerel
poached_norway_lobster,cc3cef98-3ecb-4402-8a97-726484dfea1e,1987,Poached Norway Lobster
poached_pink_salmon,81ea9bc2-00b4-4d6d-a14a-2b8a4baa9807,1988,Poached Pink Salmon
poached_pink_shrimp,d0c37259-7c67-43ef-a81b-c16318410711,1989,Poached Pink Shrimp
poached_plaice,bab53d8c-5ec6-4237-8cd7-bb6c98e9e2df,1990,Poached Plaice
poached_plum,de1e582a-81c2-4bd6-b498-282f08d883db,1991,Poached Plum
poached_pollack,f05c4245-546c-47f0-b7cc-3860ee7936d5,1992,Poached Pollack
poached_portobello_mushroom,0159ab41-6b6f-415d-b0c4-8195902a4919,1993,Poached Portobello Mushroom
poached_rainbow_trout,f3792eb5-69d9-4072-9db2-ed6a860bab17,1994,Poached Rainbow Trout
poached_ray_wing,2b26c5a8-f99a-4eab-8e38-2b48bcdf2bd9,1995,Poached Ray Wing
poached_razor_clam,ef942b50-5242-418c-ab53-6678ad2ae8a7,1996,Poached Razor Clam
poached_red_mullet,6ee36012-fcfa-43db-bfc7-7a7e85f17758,1997,Poached Red Mullet
poached_red_snapper,14a3945d-ed45-43d6-8706-09080924394b,1998,Poached Red Snapper
poached_saint_remy_pear,ef8c621e-fca2-4f75-972b-7ca0898e3641,1999,Poached Saint-Rémy Pear
poached_scallop_saint_jacques,8e57494b-8cab-466a-ae97-b2ddbae9cd86,2000,Poached Scallop Saint Jacques
poached_skrei,0d6a276d-faeb-4515-8fe6-266b50f72d0d,2001,Poached Skrei
poached_trout,fc37a635-f638-401d-9e5c-9ff043340f18,2002,Poached Trout
poached_turbot,2288066f-961d-425e-a7a4-7077b401ac09,2003,Poached Turbot
poached_veal,152bce6c-c9af-4c7e-b36b-b33c40a95f91,2004,Poached Veal
pointed_white_cabbage,cbedfa5e-b96a-40e0-acd6-b6b7d5ede03e,2005,Pointed White Cabbage
polenta_flour,77619e2d-8252-44c5-b241-ae4ff93bf90e,2006,Polenta Flour
pollack,c6f4c27d-815c-4c45-a799-9b1153a0589d,2007,Pollack
pomegranate,fdf23b7a-1f54-4f02-ad47-c0a5cd7f79f0,2008,Pomegranate
pomegranate_juice,9a1b78ec-6e56-4059-9f41-1f64dcda22d0,2009,Pomegranate Juice
pomegranate_molasses,8ca5a3f4-4e51-4313-90c8-1ef8c0de936d,2010,Pomegranate Molasses
pomelo_2011,b5f2813b-ee8a-4074-918b-033f03a96980,2011,Pomelo
pomelo_juice,cc6cb65e-f882-44a8-8e2b-a677c1a3a167,2012,Pomelo Juice
pomelo_peel,189635e4-a85f-45a5-b0d2-72ed7ee3a467,2013,Pomelo Peel
pomerac,b9fb25af-728b-4cf7-995b-84f9d55a25eb,2014,Pomerac
pomme_poire,086ab82f-5c53-4518-8a1e-4fb1009ff99a,2015,Pomme Poire
ponkan_mandarin,07afc30d-e558-4be5-80d1-3c31cc970172,2016,Ponkan Mandarin
ponzu_2017,407e2078-0b43-49e8-b35c-f73800546adc,2017,Ponzu
popcorn_2018,02995d82-4c03-4422-b724-562ddb5b777f,2018,Popcorn
poppy_seed,c8d4d9a7-dc09-4bc5-8922-158e2515f46b,2019,Poppy Seed
pork_broth,b08ab3e7-7598-408d-94ad-1b577fe2abb5,2020,Pork Broth
pork_stock,fc8fc60b-c9d8-436e-88e5-53853bddf6b6,2021,Pork Stock
portobello_mushroom,169fdc1b-58c1-4f9c-858b-af967c5a6439,2022,Portobello Mushroom
portuguese_sweet_bread,4434de80-0b31-477f-8b49-14ef1189e4e5,2023,Portuguese Sweet Bread
potato,cffb3114-670b-4470-8d2a-37c30d25728b,2024,Potato
potato_chips,18056b64-8972-4b69-82be-ebafc5f2c022,2025,Potato Chips
potato_croquette,ffc509a2-38d2-4b92-b0c7-152cf34b8f5f,2026,Potato Croquette
potato_gratin,a7392189-1a33-45d7-82c9-d9e014da2c1e,2027,Potato Gratin
poundcake,6cfa2bcf-c215-48af-a406-c395b49a8e33,2028,Poundcake
praline,5cd0d659-2a0f-4acb-9fdb-d57474eb2482,2029,Praliné
praline_amande_50,87e917cb-0ccb-44dc-9c9c-f4af680c8dc7,2030,Praliné Amande 50%
praline_amande_and_noisette_50,95a0947c-0059-4639-832f-27d897fb9cec,2031,Praliné Amande and Noisette 50%
praline_noisette_50,21166a3f-ef80-451a-ac09-af99041b64cd,2032,Praliné Noisette 50%
praline_pistache_52,0fc9fafe-39e9-484c-9917-c8bb94848b39,2033,Praliné Pistache 52%
prawn,fb566fb5-7252-46c5-b889-0944186f136c,2034,Prawn
preserved_lemon,84eb05c4-d11c-46b4-ab14-f1dc4e399d89,2035,Preserved Lemon
pretzel,009aae03-f841-48ee-9d26-cdfcbff8e76f,2036,Pretzel
prickly_pear,bc7310e7-a234-499d-9cd3-3133e3d97234,2037,Prickly Pear
priprioca_2038,f9c57dc1-978c-4796-8ab6-ee6155e5017b,2038,Priprioca
profiterole,5f315a98-8281-4dab-b264-17b0c9b64cef,2039,Profiterole
provolone_2040,67b20b3d-3fac-4e9b-b97c-3b47ca1c4343,2040,Provolone
prune_dagen,8ab0b847-33d4-4fd3-9d03-a32e67c1f298,2041,Prune D'Agen
prune_plum,6393915a-a3fe-480a-8fb7-54784f4aa9d4,2042,Prune Plum
pumpernickel,8abb4e9a-4431-4a52-b632-41b0ab0e1c41,2043,Pumpernickel
pumpkin,6e76f44a-9eec-4e0f-b547-c1e1ab5a473b,2044,Pumpkin
pumpkin_canned_in_syrup,fa8f0217-0424-4f85-8ea4-cb7caedf217b,2045,Pumpkin Canned in Syrup
pumpkin_lasagne_sheet,e421e688-763f-47f5-9297-427f296a71b0,2046,Pumpkin Lasagne Sheet
pumpkin_pie_spices,374c0867-2c54-4b33-a6ce-80d88e7b94d4,2047,Pumpkin Pie Spices
pumpkin_puree,d5fae128-6284-449a-903b-8bef83069598,2048,Pumpkin Puree
pumpkin_seed,712d4d74-cab9-4dff-b691-ce52da58082e,2049,Pumpkin Seed
pumpkin_seed_butter,c0cd0a50-bef3-4ebb-ae13-01aa1ddadd93,2050,Pumpkin Seed Butter
pumpkin_seed_oil,296f7fd8-07d5-4e3b-9beb-762186b0fbf8,2051,Pumpkin Seed Oil
purple_basil,1eebeade-1862-48dc-8c80-fd2ebc02d097,2052,Purple Basil
purple_carrot,dde3b106-3d4f-4e00-b929-7ec3f3ea34f5,2053,Purple Carrot
purple_corn,cd065b96-194e-4fd8-9928-0d3d5568ec59,2054,Purple Corn
purple_delight,b0550528-442b-4088-b98d-8c6e402314e5,2055,Purple Delight®
purple_giant_hyssop,7e8c2e36-17b3-466d-846d-ae09f59c362d,2056,Purple Giant Hyssop
purple_kale,7328753b-1c1a-4e17-80b0-f0858b821de4,2057,Purple Kale
purple_rice,867326ce-940e-4171-81d7-1370c4f9399c,2058,Purple Rice
purple_sweet_potato,7838d5de-8540-4c5d-83ee-c32b0095d237,2059,Purple Sweet Potato
purslane,b616eaf3-fbee-403c-bda5-0f1a87c536e1,2060,Purslane
puxuri_powder,d089b671-e923-45dc-83d1-b745f07b0a49,2061,Puxuri Powder
puy_lentil,1d4399b2-f939-47a0-a36d-aad0b15d879f,2062,Puy Lentil
puya_chili_pepper,e6d8fa9d-7779-4e2e-9f2b-be4c76989aab,2063,Puya chili pepper
quail_egg,3a508f40-b79f-4330-a445-5df45c009837,2064,Quail Egg
quark_2065,da6ecaec-8ab9-4227-8fb8-aaf991bd02ca,2065,Quark
quatre_epices,4ead0be9-d425-4d9e-912d-b3a3a1224537,2066,Quatre Épices
quince,21cdc543-ac24-4e2a-973b-a73c7cce93fa,2067,Quince
quinoa_2068,ef06f755-f9ca-4875-9cfe-1d24e42d4a31,2068,Quinoa
rabbit_stock,2c9c6e41-a911-44b4-a5db-22258bc1ee09,2069,Rabbit Stock
radicchio_2070,bf35c0a9-15fb-4b63-a447-d081271a6052,2070,Radicchio
radish,c86801cb-20f3-4916-a80c-1a366a0c2b63,2071,Radish
radish_leaf,500285ab-101e-4de0-800f-808afc328d03,2072,Radish Leaf
radish_sprouts,b2f09238-e851-4434-8ca1-f95905e4cde9,2073,Radish Sprouts
ragusano_2074,169be2bb-08ea-4922-be54-bb60ea728578,2074,Ragusano
raisin,480f9a8b-7350-43a8-8c5b-f6f4a290496c,2075,Raisin
raisin_bread,d817c9cb-8719-4f45-9dc7-41d1a5f9a328,2076,Raisin Bread
rambutan_2077,cc47b695-95db-457f-a3dc-0a5ceacd2042,2077,Rambutan
ramson,764e8fa8-236f-4553-9637-cb7dd0f8df1e,2078,Ramson
ranch_dressing,f48a6d67-55af-4f79-8a63-4803be6a8170,2079,Ranch Dressing
rangpur,5264be67-e292-438b-955a-55d841e5356d,2080,Rangpur
rangpur_peel,6b929e26-fdf0-4b71-b318-51d35a431143,2081,Rangpur Peel
rape_greens,be532c92-9aa5-4d15-aa52-a7a7b279dd04,2082,Rape Greens
rapeseed,711394b5-0366-471e-9513-000048c30060,2083,Rapeseed
rapini,d2cba011-7bba-48fb-8041-3d85cd7f536d,2084,Rapini
ras_el_hanout_2085,6e9e2a48-09c1-4d18-bf66-2be52cccb663,2085,Ras el Hanout
raspberry,6be443b9-90fb-4bfb-90a4-4d40e6da35ef,2086,Raspberry
raspberry_jam,5d45264f-9d03-471c-82d6-6f5775508311,2087,Raspberry Jam
raspberry_puree,e40d1d74-3c6d-48e3-a7f6-39317d8d7989,2088,Raspberry Puree
raspberry_vinegar,b4d07fb1-8c61-40ba-b436-825802f42489,2089,Raspberry Vinegar
ratte_potato,7fa40024-8b37-4612-803f-f5775b10489c,2090,Ratte Potato
raw_angus_aberdeen_beef,fd78d32c-35fb-4846-ba64-0ec65c372d0d,2091,Raw Angus Aberdeen Beef
raw_beef,67693468-262a-48e2-9cde-3df23debc8ef,2092,Raw Beef
raw_calabrese_sausage,0b7e1d47-acfa-4d4c-afe3-219af9908f39,2093,Raw Calabrese Sausage
raw_deer,b7bab761-28aa-4de1-a27b-983c7b94d081,2094,Raw Deer
raw_haddock,5197b93a-514c-4ab6-be70-263fc29127ec,2095,Raw Haddock
raw_hake,fbc6fb20-aaf9-4fff-878a-99a0cd02f8df,2096,Raw Hake
raw_horse_mackerel,f6b3ca28-e338-4a29-8d1f-4e5fa82c7540,2097,Raw Horse Mackerel
raw_mackerel,27ad10b7-ca5c-4bc7-bc8d-18c01690b094,2098,Raw Mackerel
raw_norway_lobster,6be66d26-bd4c-43c9-bdd0-6451dc65e8f9,2099,Raw Norway Lobster
raw_razor_clam,7379016a-b38d-463e-8423-8c19c6bb80ee,2100,Raw Razor Clam
raw_scallop_saint_jacques,bc501f1d-e853-455a-9c87-d5071a73789e,2101,Raw Scallop Saint Jacques
raw_veal,92fab6c2-7828-43f2-82b1-528578a810e9,2102,Raw Veal
raw_pan_fried_belgian_endive,3f3128a4-2f93-4e9d-85a5-f6c148e69fb1,2103,"Raw, Pan-fried Belgian Endive"
red_banana,f94e0242-1d71-4cd3-9226-d9fda2c25cda,2104,Red Banana
red_bell_pepper,ea7571dd-d401-4e6e-acb0-facd574b76d0,2105,Red Bell Pepper
red_cabbage,5b4bcd72-b687-4012-99d5-046ed1a68a6c,2106,Red Cabbage
red_cabbage_juice,ff0355b5-7507-46e4-8fe9-6e0c770e8d4c,2107,Red Cabbage Juice
red_camargue_rice,6d841aa7-96fe-49aa-9370-e15ea9294c39,2108,Red Camargue Rice
red_carrot,d4803a83-1463-4ce4-bb4d-c9f7f44b8b2f,2109,Red Carrot
red_clover,f8ad7e3d-e854-4ddb-9462-94aaf0cc8c7e,2110,Red Clover
red_corn,dff169eb-1881-415a-ad63-ca905390fa48,2111,Red Corn
red_currant,f5e8a44b-cc07-4bd3-ac5d-b7e9e5b06803,2112,Red Currant
red_curry_paste,bf6b9309-b507-46fa-8443-2b68dfd2d44b,2113,Red Curry Paste
red_delicious_apple,4b9004b0-f016-4f5b-bc7b-516bb59005e0,2114,Red Delicious Apple
red_grape,58faf787-aa83-4ac5-893e-30ad40db429c,2115,Red Grape
red_grapefruit,05e127f3-3f86-41d5-a66b-2d3b72f769b6,2116,Red Grapefruit
red_grapefruit_peel,4653bf9f-5170-4b96-baf3-bbbea37cc351,2117,Red Grapefruit Peel
red_kidney_bean,a23dbcf3-69a3-49be-9260-09c51d3be74c,2118,Red Kidney Bean
red_kiwi,c8afbb47-abec-482d-855d-c5ceac7c40f3,2119,Red Kiwi
red_leicester_cheese,f76d2b15-3053-4557-b1e6-9463dbd29d8e,2120,Red Leicester Cheese
red_lettuce,b390792d-57aa-4e5e-ab1f-b5c4a5af470a,2121,Red Lettuce
red_madame_jeanette,9cd4e57e-f3f9-426d-9f2c-cd0b03248ca0,2122,Red Madame Jeanette
red_masala_paste,8be72f19-d12d-4b52-aec1-f30a9d112d65,2123,Red Masala Paste
red_meat_radish,5551d47c-1089-45cb-9f30-f9994b56d619,2124,Red Meat Radish
red_miso,4e132c53-d508-42c0-9719-e9d95f621222,2125,Red Miso
red_mizuna,ffb8f4cf-2585-41f7-b702-c30a6037acf9,2126,Red Mizuna
red_mustard_lettuce,b9010eed-8798-419b-9a09-06a608cdf785,2127,Red Mustard Lettuce
red_oakleaf_lettuce,162b0160-637c-46a3-831a-8f82e610c1c1,2128,Red Oakleaf Lettuce
red_onion,4abf26ab-681d-42b8-a2a6-6901655f2404,2129,Red Onion
red_pointed_cabbage,326c6731-8eb0-4038-8c23-87db5a9c0017,2130,Red Pointed Cabbage
red_quinoa,4df935ab-7edd-448b-9e50-87a6eb69f0dd,2131,Red Quinoa
red_shiso_leaf,98587ac7-0ce9-4d82-8b88-ca8e363966d5,2132,Red Shiso Leaf
red_snapper,3422d250-97ca-4150-9b7e-6d0ac7b27f82,2133,Red Snapper
red_spanish_pineapple,cf41fe46-d3c3-4523-a1b8-6d96af239c0e,2134,Red Spanish Pineapple
red_sweet_pointed_pepper,aa629513-fee1-4bae-93dc-236c5772af2e,2135,Red Sweet Pointed Pepper
red_velvet_cake,49ddd4cd-9980-49b1-a1b0-d2ce27df719b,2136,Red Velvet Cake
red_wine_vinaigrette,5449c2a5-df24-4a32-916e-a450a7486bc2,2137,Red Wine Vinaigrette
red_wine_vinegar,5c77f345-f5ca-4d5a-ab83-33b1abfda2e6,2138,Red Wine Vinegar
red_fleshed_pitaya,4e6da061-d18e-443b-b96a-3609d3ffdde7,2139,Red-Fleshed Pitaya
redlove_apple,7d888787-a69e-4bfc-baca-7f5542bf0e5b,2140,Redlove® Apple
regato_cheese,f0b20d37-004d-4316-a937-771fe800cf92,2141,Regato Cheese
reine_claude_plum,9ebe8004-56f9-47d7-adf9-cac594ef169c,2142,Reine-Claude Plum
remoulade_sauce,6b2d7d1d-52a4-4324-98c0-66f882cc7d49,2143,Remoulade Sauce
rendang_curry_paste,1901bbb0-a4d4-4ecd-a823-3f9231f9e216,2144,Rendang Curry Paste
rhubarb,b2a2d339-411a-4086-9e3c-be5f75ab6a47,2145,Rhubarb
rhubarb_compote,8645cb5f-8a4b-461b-9a2f-93689f983b9e,2146,Rhubarb Compote
rhubarb_jam,69216441-7f0d-4303-bc93-373261b8906b,2147,Rhubarb Jam
rice,5f6e23b4-bf8e-4d9a-985a-14ad9b06a693,2148,Rice
rice_bran_oil,938a1996-1412-45cb-9498-4b9beb738262,2149,Rice Bran Oil
rice_drink,8893cb5d-043f-418c-bfe1-5b426fff5f94,2150,Rice Drink
rice_miso,9f7413ec-6a37-4c62-b0e8-7b982ce714f6,2151,Rice Miso
rice_pudding,73734520-d1b9-4d5c-a7a4-553a153c3175,2152,Rice Pudding
rice_shochu,3fb01edc-51e2-4ada-b3a6-2f8c1bc2111a,2153,Rice Shochu
rice_vinegar,0f1de742-9659-4108-b2eb-7adcbbaaa2db,2154,Rice Vinegar
rice_wine,70aaeea9-38d6-4dd5-90e7-e6c7bb4b7dbe,2155,Rice Wine
ricotta_2156,a1e200b1-19ac-4cea-88ee-3c2c5c52c075,2156,Ricotta
ricotta_di_fuscella,06ca5fc9-b2e1-4b40-9a29-33e080c8c015,2157,Ricotta di Fuscella
ridge_gourd,40a0f5b9-54b2-4370-9add-9a1984882689,2158,Ridge Gourd
riesling_wine_grape,99aa7d19-09bb-42cb-916a-d493a5875d09,2159,Riesling Wine Grape
risotto_rice,fd99e322-38b5-47ff-b11d-93a289984221,2160,Risotto Rice
rittenhouse_straight_rye_100_proof,6dcfc00d-1e73-4d2c-8325-f43768408b9b,2161,Rittenhouse Straight Rye 100 Proof
rivioli_sheet,0390a74b-b805-4384-a48d-fb6ac628f3ca,2162,Rivioli Sheet
roasted_bacon,4aa78725-f3f0-4a18-a154-f02d1c8ca788,2163,Roasted Bacon
roasted_beef,7f2500e0-b514-426c-a0a9-3372ce18f94f,2164,Roasted Beef
roasted_black_cardamom,fb303bc1-e3c4-4f9e-8e5e-537ef15a20c9,2165,Roasted Black Cardamom
roasted_bone_marrow,f2184fd4-57c0-401e-9335-aa7b5ab21aae,2166,Roasted Bone Marrow
roasted_cashew_nut,b83605c1-b144-4c74-baae-d17e7ca1e10a,2167,Roasted Cashew Nut
roasted_chestnut,7fdf8920-bc3c-464c-ac63-45dc3d8cffd1,2168,Roasted Chestnut
roasted_chicken_fillet,8cc98b3c-67e2-4d8a-9cf0-6e159694c2a9,2169,Roasted Chicken Fillet
roasted_chicken_skin,755fe65f-b338-4044-a518-a3bff569eb36,2170,Roasted Chicken Skin
roasted_chioggia_beetroot,f97e56a7-135c-46f0-9e1f-64a4e4c4799d,2171,Roasted Chioggia Beetroot
roasted_crapaudine_beetroot,f3de43e7-c027-49dd-9ebc-406da049d08c,2172,Roasted Crapaudine Beetroot
roasted_eddoes,81f93c42-42c8-40b1-b799-f9c18356f4e0,2173,Roasted Eddoes
roasted_garlic_puree,e9c5458a-893f-4a17-a287-50e6a8be04c1,2174,Roasted Garlic Puree
roasted_goose,c12cc2c9-dad6-4233-a514-21381d0fc972,2175,Roasted Goose
roasted_hazelnut,e7fca5e2-f330-4059-b409-97b0e3e7eb2c,2176,Roasted Hazelnut
roasted_hazelnut_puree,fa758c25-3347-4fed-a0a7-fae4caa956e4,2177,Roasted Hazelnut Puree
roasted_jicaro_seeds,bf312782-2ccf-4c88-b5cc-99baa4fcf5be,2178,Roasted Jicaro Seeds
roasted_lamb,3d652919-039a-4c38-be70-8e6177628606,2179,Roasted Lamb
roasted_lamb_fillet,388d5cbf-9f5f-4b3a-bed2-54dec4105691,2180,Roasted Lamb Fillet
roasted_lilly_bulb,a4c1f2d1-9df5-4c51-8479-5c6d576f53a2,2181,Roasted Lilly Bulb
roasted_macadamia_nut,7353c88f-5b0a-4b64-9195-e1cac263a6af,2182,Roasted Macadamia Nut
roasted_mango_seed,71a536cb-db03-45f0-9399-47f45504a528,2183,Roasted Mango Seed
roasted_oca_de_peru,91df24c6-4f86-4a82-9f22-f9dda6b2bd0d,2184,Roasted Oca de Peru
roasted_onion,ff887f0f-2677-40e2-bcda-8976e4cc2149,2185,Roasted Onion
roasted_pea,de71d038-cd4c-492c-b168-a6cf9c5f6763,2186,Roasted Pea
roasted_peanut,24676be9-d213-43aa-acc3-7ec6febc8cba,2187,Roasted Peanut
roasted_pheasant,06c9381a-9fa6-45d1-8907-3bfba0d62696,2188,Roasted Pheasant
roasted_pigeon,f2303232-e8a5-4ac1-9fc3-9b585feb2a86,2189,Roasted Pigeon
roasted_pistachio_nut,4d8ff413-e113-48c9-b21d-c43aee1997eb,2190,Roasted Pistachio Nut
roasted_pork_liver,9db4a1ac-bd07-484a-9190-ed30888cace7,2191,Roasted Pork Liver
roasted_pumpkin,9ef5b216-543b-4ded-8ce6-0ad467343b75,2192,Roasted Pumpkin
roasted_red_bell_pepper,b5507adf-d087-4ad0-940f-9ab5ffab432e,2193,Roasted Red Bell Pepper
roasted_red_onion,2c0c96e7-d9d3-4129-b7d2-428425f4383c,2194,Roasted Red Onion
roasted_root_chicory,30eb4e5d-adf9-4bcd-b3db-15c46ab6fb7a,2195,Roasted Root Chicory
roasted_rutabaga,87560813-f82b-4471-931d-5717a50f928e,2196,Roasted Rutabaga
roasted_salted_peanut,772c6a1b-0f8e-4852-b38b-6ac4256c2f49,2197,Roasted Salted Peanut
roasted_turkey,d5ce9be7-8442-4421-850c-5efb8e74ae8e,2198,Roasted Turkey
roasted_yellow_beetroot,9e872ebf-27cd-4588-9027-0f3ea737394f,2199,Roasted Yellow Beetroot
robusta_coffee,f6e2a1e2-7968-43b7-b129-c6f2bd9684f9,2200,Robusta Coffee
rochebaron,dba7de5e-ae9a-49df-bc11-e5c3bb893e60,2201,Rochebaron
rocoto_chili,6e95c77d-b38c-4c16-8680-84c680aba803,2202,Rocoto Chili
roma_tomato,a9c3e2c0-18cb-445c-ac9d-5125e259ad82,2203,Roma Tomato
romaine_lettuce,899f53a2-bc8d-42ad-b963-b7507977e571,2204,Romaine Lettuce
roman_chamomile,861d0cb1-a2e6-4f75-8c22-381386a71eb4,2205,Roman Chamomile
romanesco_broccoli,f096487e-ff6b-4c03-8ae9-625f6b30a690,2206,Romanesco Broccoli
roncal_2207,ae189ea9-74cc-4920-a6de-0d9799e587d2,2207,Roncal
rooibos_tea,87075467-ee9e-4dd3-bc27-66206f54fa0e,2208,Rooibos Tea
root_chicory,5f4b029b-5ac8-489a-950e-f7490e813811,2209,Root Chicory
roquefort_2210,6964250f-df9b-408d-892e-605a02ce87bb,2210,Roquefort
rose_2211,73561351-25e6-48d7-9eb5-c8674a8c7448,2211,Rose
rose_scented_geranium_flower,6c094701-3dfa-445e-87e1-34f41c191bec,2212,Rose-Scented Geranium Flower
rose_scented_geranium_leaf,60501a4d-f7ef-437d-b38a-d23bf021ae76,2213,Rose-Scented Geranium Leaf
rosehip_tea,0220d84f-0c06-4b20-b0c8-405173170546,2214,Rosehip Tea
rosemary,e9fb54a0-65b0-4823-8ad4-383cdc339c0b,2215,Rosemary
roseval_potato,4ca1714a-c50e-416d-ac2c-53e84dff205f,2216,Roseval Potato
rubia_gallega_beef,3a7dff70-8465-4a25-800b-c2ff4e361f53,2217,Rubia Gallega Beef
ruby_chocolate,946ee2bf-8202-45cb-b91a-3efb1e40a192,2218,Ruby Chocolate
ruby_red_grapefruit,6214d224-60d8-4335-b87e-b55d3a9bd65b,2219,Ruby Red Grapefruit
rucola_2220,63eed000-42f3-4fcf-a65e-fc9160c7c63d,2220,Rucola
rucola_sprouts,52a95a1f-ce74-49b6-90f3-a46f99d2f45e,2221,Rucola Sprouts
russian_tea_cookie,2ae70cb7-df2e-4f58-9f96-feedaa6dfd63,2222,Russian Tea Cookie
rutabaga_green,76af55c7-513e-4239-a8e4-984fbec7c49d,2223,Rutabaga Green
rye_bread,2d1118ec-f480-4769-a806-8fbd1f012c69,2224,Rye Bread
rye_coffee,868e176d-0389-4004-8d8a-2ad755e1405e,2225,Rye Coffee
rye_porridge,1f4861b1-7040-4e7d-a8f5-73d2d553b436,2226,Rye Porridge
saeujeot,609610e4-8322-4e09-a6bb-66f7a21e4d17,2227,Saeujeot
saffron,6dd3d61d-7ea4-4a7c-9917-62d960a4b449,2228,Saffron
sage,9555d673-3cf0-417e-8153-9a739864382f,2229,Sage
sage_flower,26043d20-55c8-43ae-83ff-af7c69179835,2230,Sage Flower
saint_remy_pear,392502fd-189a-4953-85b4-3c3defbe0093,2231,Saint-Rémy Pear
sakura_leaf,edb0c3c4-4baf-42c0-adb4-4aa41c382a19,2232,Sakura Leaf
sakura_cress,b9199d88-6ec2-41fb-a558-b91b20b28bc6,2233,Sakura® Cress
salad_burnet,5814749f-16c7-491f-a7c8-3072ccf37011,2234,Salad Burnet
salami_2235,4fee4df2-764b-45e5-af6b-5585d7632cb8,2235,Salami
salami_milano,b4444d50-156f-41fe-b0a6-d1aeac2c88a3,2236,Salami Milano
salchichon,d4be1753-168f-46bb-ab4d-cf18b5a5497d,2237,Salchichon
salicornia,bfa11426-2769-4d5b-b61d-3cb4401585ba,2238,Salicornia
salt_cod,7e28abdd-7f13-43bd-affa-ed365528cccf,2239,Salt Cod
salted_butter,fdbcf966-db70-449b-83e8-018d265d6acb,2240,Salted Butter
salted_caramel,72d62789-a67f-4a7a-bd48-4f1564b80c57,2241,Salted Caramel
salted_pork,cf1345ef-067b-48c7-93c0-0413890f8b06,2242,Salted Pork
sambal_balado,69ab0c2e-c481-4335-9105-7110cb12111b,2243,Sambal Balado
sambal_oelek_2244,d8ec3b99-c7d3-49df-a2d0-7e792ec1cc21,2244,Sambal Oelek
san_francisco_bread,0dea578b-8b70-40bd-bf29-6285bc1ebf04,2245,San Francisco Bread
san_juan_chili_powder,213ad6c3-694e-4c24-a388-f5da222f4160,2246,San Juan Chili Powder
san_marzano_tomato,113e433e-5d70-4472-a2e9-24c7ac76ebad,2247,San Marzano Tomato
sandwich_belgian_bun,1c3614db-7a2b-42b7-a59d-17f914bdbeb5,2248,Sandwich (Belgian Bun)
sandwich_spread,b5ebfa91-ffd9-40be-9a3b-50ada357eacc,2249,Sandwich Spread
sanguinello_blood_orange,a71ccc8f-63fb-426a-852b-1868121c9855,2250,Sanguinello Blood Orange
sansho_leaf,fab1435c-fb09-403f-a88d-11cffbea658d,2251,Sansho Leaf
sansho_pepper,4c543728-0d26-44f3-873e-573eb8b00da6,2252,Sansho Pepper
sapodilla_2253,77724aff-83a5-4cdc-98f3-3a68c2ddacff,2253,Sapodilla
satsuma_2254,95c3770f-cf37-429b-a529-8e78bf935deb,2254,Satsuma
satsuma_zest,7e0ccdf0-012b-4a48-97e1-01262f3a9ced,2255,Satsuma Zest
sauce_tunisienne,5b2f5474-d30b-43e7-82ce-0d3817e224eb,2256,Sauce Tunisienne
sauerkraut_2257,a1c923e9-cfa1-4ab9-9401-50569c8f9aec,2257,Sauerkraut
sauvignon_blanc,682862a2-3410-4641-b0d4-89cb44783f8b,2258,Sauvignon Blanc
savoy_cabbage,b85b1e0f-d7ae-47f5-8497-a1baf34908cf,2259,Savoy Cabbage
scallion,0485665e-8b32-45be-a7aa-3100c8064ff6,2260,Scallion
scamorza_cheese,5f68cc59-809a-4413-9e1d-4be02390f0ac,2261,Scamorza Cheese
scone,ddff2c87-53d5-4750-a81d-ffac6663186a,2262,Scone
scotch_whisky_the_famous_grouse,2f6440cd-22e3-481b-bae7-9b4678d0f37e,2263,Scotch Whisky 'The Famous Grouse'
scrambled_egg,3e1880a9-61b1-4d1f-b58e-66a0b863dc87,2264,Scrambled Egg
sea_banana_salty_fingers,0095c7ac-4804-420c-b45d-95d4fcbc81cf,2265,Sea Banana (Salty Fingers)
sea_buckthorn,31b97f69-1e0e-43b0-8ecb-b4b6f055818f,2266,Sea Buckthorn
sea_cucumber,6096dfc9-7e66-4989-bbc2-4a9d7ebda1bb,2267,Sea Cucumber
sea_fennel,f0e62d41-4d09-4714-8761-80ada6723578,2268,Sea Fennel
sea_grape,c2c5e7a2-2612-43cf-b7bb-f24236d080de,2269,Sea Grape
sea_kale,170d3e88-3991-43f4-871f-df931414dbcd,2270,Sea Kale
sea_salt,885d92dd-c3ae-4715-bb27-4293a592847b,2271,Sea Salt
sea_spaghetti,a4d5156a-8d7c-4ff7-9b8d-fccad3dd35f6,2272,Sea Spaghetti
sea_urchin,96fbaddf-ac33-43ec-b2f6-4fe6d275d3b0,2273,Sea Urchin
sechuan_pepper,4ded2a4c-78fc-46b4-b02d-bbcf3ac1f74b,2274,Sechuan Pepper
semi_candied_lemon,8b3a8442-11b6-4480-8c96-a39d0767776c,2275,Semi-candied Lemon
semi_candied_orange,0e27f78e-f1d2-45a1-a7ac-dfedc2e1eae3,2276,Semi-candied Orange
semi_dried_tomato,dbe03cb7-9c5e-4533-a9af-dc2cae06bd43,2277,Semi-dried Tomato
semi_skimmed_milk,77b77ebc-a68a-4f71-b335-8f0f5fba46d9,2278,Semi-skimmed Milk
semolina_flour,3539d8cc-0299-40b0-b20a-a7f60632e5e5,2279,Semolina Flour
semolina_pudding,b59a151f-a881-434a-96e9-5ada8c992681,2280,Semolina Pudding
sencha_tea,a226a2a7-429c-4a48-b109-e85b42ef22a2,2281,Sencha Tea
sesame_butter,d62748e6-9e90-433b-bc69-641d10149355,2282,Sesame Butter
sesame_oil,cb13be49-d2d1-415f-81c9-7a58014d5234,2283,Sesame Oil
sesame_seed,e2ac16c9-4c89-4d6d-88a2-4d0d497cc62d,2284,Sesame Seed
shallot,7110c2e2-3360-4c2e-ba3e-debdc0b8d566,2285,Shallot
shanghai_pakchoy,d5d7dd53-d63a-4ccf-9013-29e91799fbe6,2286,Shanghai Pakchoy
shaoxing_chinese_rice_wine_14,19736c20-51e5-4e0e-afcb-3a1d270984ef,2287,Shaoxing Chinese Rice Wine 14%
sheep_milk,af586e11-dee6-4bc6-bc64-7cf3195c8654,2288,Sheep Milk
sheep_milk_yogurt,b7941377-8fef-4721-a2ac-0a03fccec7e6,2289,Sheep Milk Yogurt
shellfish_fumet,1cc6aeec-9133-4c5b-a1f8-7f81f17a7850,2290,Shellfish Fumet
sherry_vinaigrette,c3e40334-ac22-49cb-b351-b4a68c85070c,2291,Sherry Vinaigrette
sherry_vinegar,00b431fa-0ab0-433f-b05a-85d0cb1dbd62,2292,Sherry Vinegar
sherry_vinegar_reserva,0d151f18-ca65-4206-9684-86552c41356e,2293,Sherry Vinegar 'Reserva'
shichimi_togarashi,ea1fca90-e53c-4d6c-a5bc-b0605ef1a937,2294,Shichimi Togarashi
shiitake_mushroom,2ad5ad9b-6b0f-4351-a193-bea61ca9140c,2295,Shiitake Mushroom
shio_koji,a636d663-f8e1-4693-96e7-1aecc3846606,2296,Shio Koji
shiro_miso,8c20ab50-19b8-45ce-a62d-6b34dc1aeee2,2297,Shiro Miso
shishito_pepper,3a531ce8-e1bf-4db5-99bd-6777867d19a8,2298,Shishito Pepper
shiso,e59afe5d-6ca6-4f5e-9518-99097af7556b,2299,Shiso
shiso_furikake,24d1fdbc-a48d-4e34-95e1-e3bc516ecf31,2300,Shiso Furikake
shiso_green,adb1550e-e731-4b9c-9710-23fe4533d47d,2301,Shiso® Green
shiso_purple,7771d599-a765-4f88-8fb4-8990e741e7ad,2302,Shiso® Purple
shochu_2303,4b7faa3f-d6ab-413a-bb17-b0b3917e2f03,2303,Shochu
shochu_sobajochu_buckwheat,928ad1b8-d2ef-4b57-8680-674232275cda,2304,Shōchū 'Sobajōchū' (buckwheat)
shortbread_cake,60ac4373-a619-4833-84d5-57b922621d43,2305,Shortbread Cake
shrimp_broth,2ef755e8-4035-4043-9688-4a4c95fa890b,2306,Shrimp Broth
shrimp_floss,baedc016-029d-45a7-8a02-53a16ed085db,2307,Shrimp Floss
sichuan_button,398152ce-d52e-4c36-a558-fccabc83342b,2308,Sichuan Button
sichuan_oil,849b40f7-fd8d-4730-b38e-60b67818bf48,2309,Sichuan Oil
sichuan_pepper,9d2454ce-173d-41ff-888a-73166446872f,2310,Sichuan Pepper
silver_onion,0e86af28-91d1-4536-af1c-4152cc803b26,2311,Silver Onion
silver_swan_cane_vinegar,0ad8a987-a57c-49d5-843f-44c8d33b158e,2312,Silver Swan Cane Vinegar
simmental_beef,978de6ed-b8d5-4d50-849d-a67e0c07dfd4,2313,Simmental Beef
sirop_de_liege,f36ae36b-6099-4fa9-b848-87498799e7ac,2314,Sirop De Liège
skyr_2315,270c1607-e99c-4b89-aec8-6fa2e1eaa33e,2315,Skyr
sloe_gin,176e0057-6cf0-42c3-9b06-40d4e0ef0c3f,2316,Sloe Gin
smoked_atlantic_salmon,46fa94ed-656d-4b32-8218-0c0dac991837,2317,Smoked Atlantic Salmon
smoked_bacon,17fa17f5-0fa9-40e9-b6af-b178131d5448,2318,Smoked Bacon
smoked_chicken_breast,9dd94d7a-ae57-4aaf-86ff-799ba19a7014,2319,Smoked Chicken Breast
smoked_chili_powder,e8bbed35-f990-402d-af6f-8985741fc894,2320,Smoked Chili Powder
smoked_halibut_fillet,13bdb8e9-3a1d-4151-925c-85f23df127b5,2321,Smoked Halibut Fillet
smoked_ham,2bd4aabf-05fa-4627-9ba3-1c3a5aec6fde,2322,Smoked ham
smoked_paprika_powder,2dffb34d-5daa-4dfa-9833-1a60f09c019f,2323,Smoked Paprika Powder
smoked_pork,7254ba1a-0302-4dd5-9a9b-e9d8a88a6d47,2324,Smoked Pork
smoked_salmon,2fe1c7f2-67bc-44e9-967b-c4169fc33a75,2325,Smoked Salmon
smoked_cured_bacon,fcba3ee5-a137-4cd4-abae-7f92293b452a,2326,Smoked-Cured Bacon
smooth_cayenne_pineapple,393d6fbd-ac1a-4174-9ace-683cdf1059c2,2327,Smooth Cayenne Pineapple
snap_bean,d177abbd-942c-46c4-97c5-24ae7cee1791,2328,Snap Bean
snow_pea,71d1c813-467e-4b4d-a103-9f3d66d7918b,2329,Snow Pea
soaked_hijiki,393d4668-3c36-4038-8720-3d5d71170b8d,2330,Soaked Hijiki
soaked_kombu,6d901c62-00bf-4e5d-89d1-2ee3948ac844,2331,Soaked Kombu
soaked_salt_cod,89272b92-bfdb-4ae6-b980-0113a3fe0057,2332,Soaked Salt Cod
soba_noodles,e00e6cee-7bd1-4806-96a3-429d32ba8793,2333,Soba Noodles
sobrassada,6d01005d-1282-4e55-9acc-11b92ba4b5e9,2334,Sobrassada
sofrito,aaaaab39-7e34-4602-8efc-3893f47fb47c,2335,Sofrito
sorghum_2336,6571a259-fbd4-42eb-8fa3-85318aac69ac,2336,Sorghum
sorrento_lemon,659cd696-936c-4d14-800b-4459762216b6,2337,Sorrento Lemon
sour_cream,6974c5f4-7561-444c-b64c-5bc2ce939943,2338,Sour Cream
sour_cream_butter,3a37680d-113a-431f-9d2e-b2f6bda7a60a,2339,Sour Cream Butter
sour_whey,c31e0370-5545-4564-8f0c-23b2e27ed22c,2340,Sour Whey
sourdough_rye_bread,71bee629-48bb-496a-9042-ba2ab1dbf3f4,2341,Sourdough Rye Bread
soursop,f930ce7a-7b90-403e-b1a9-6a4f6d894924,2342,Soursop
soy_miso,f4246dfb-a259-4dbf-ac19-f8c8e47a267b,2343,Soy Miso
soy_sauce,5d17d85b-0964-4442-b87f-85685113a6df,2344,Soy Sauce
soy_sauce_koikuchi,ac99dc8a-4c24-46fb-85e0-db923d0045ac,2345,Soy Sauce 'Koikuchi'
soy_sauce_saishikomi,b58f069d-6e1d-4768-a26c-19ca249fd64f,2346,Soy Sauce 'Saishikomi'
soy_sauce_shiro,3e432b51-94ed-4fda-9f5b-4f3c2e469cde,2347,Soy Sauce 'Shiro'
soy_sauce_tamari,4bac5029-f9ca-4276-886c-07316fb7eb5a,2348,Soy Sauce 'Tamari'
soy_sauce_usukuchi,be396a8d-6c62-4ed6-8603-d10cc460461a,2349,Soy Sauce 'Usukuchi'
soybean,077c92d9-91e3-4e5f-a7a4-e622811562a5,2350,Soybean
spaghetti,d34c5d1b-0327-4e07-977e-3d5d27b8ce2f,2351,Spaghetti
spaghetti_squash,1b5c9c5e-800f-4fb7-89c8-bef9f4a3578a,2352,Spaghetti Squash
spanish_cheesecake,1b2c7d6b-03e4-4115-888d-a7a350dd2c0d,2353,Spanish Cheesecake
spanish_onion,2cb83e64-c2a8-480f-a7c9-864c522f4f9b,2354,Spanish Onion
spearmint,6115ddfa-b0f9-4716-b15b-40cb383b5ede,2355,Spearmint
spearmint_tea,50ef9dd3-2a95-44be-bee9-3e3e6814289d,2356,Spearmint Tea
special_k_original,57f82b04-98cf-4fc9-aab4-3f64055d2526,2357,Special K Original
speculoos,a47e2f95-934d-415b-8752-3a1b59d1b7b4,2358,Speculoos
speculoos_spices,0f6ae59c-a5a1-4595-8712-80e85af8acc9,2359,Speculoos Spices
spelt,024f8b11-300d-4297-b809-1636f0ab0f77,2360,Spelt
spelt_porridge,9c59e16e-87f7-42c7-a858-a08391b399d1,2361,Spelt Porridge
spinach,b4d7f917-8ee4-4339-897b-0e2a881ac431,2362,Spinach
spiny_lobster,5bbaddaa-1d97-475a-9e5c-aac84319d3e8,2363,Spiny Lobster
spirulina_powder,611a0f53-1d31-4554-8c8c-f8acc5685197,2364,Spirulina Powder
sponge_cake,8a470383-facd-4da9-801f-d3b322602f09,2365,Sponge Cake
sprouted_chickpea,3110ebd9-2cca-434e-90da-030321a5d02c,2366,Sprouted Chickpea
sprouted_quinoa,1d3007e1-86b3-407a-b9ee-3e71d0143bb9,2367,Sprouted Quinoa
sriracha,6b389b22-1dfa-4aff-99c8-a5a0068bc54b,2368,Sriracha
sriracha_bbq_sauce,9a9c4110-c841-41c7-8fdb-d5872a8b920d,2369,Sriracha BBQ Sauce
star_anise,edc6c679-b2d0-4fec-8f26-16cdbb363525,2370,Star Anise
star_fruit,f965823a-a17f-487d-bd24-4c01af7403cf,2371,Star Fruit
steamed_collard_greens,298daba0-9965-405e-99ef-4db2f0a1206c,2372,Steamed Collard Greens
steamed_kale,e2ce8c49-9d08-43c6-9bd5-1b4b521db8bf,2373,Steamed Kale
steamed_oyster,37c9738c-73bd-422f-9128-a7a3b47e3322,2374,Steamed Oyster
steamed_yellowfin_tuna,ebe18d34-2ef0-4c5d-9da4-1e2f097305fb,2375,Steamed Yellowfin Tuna
stem_ginger,4861e4fd-08d0-4797-8cc1-163cf30d918a,2376,Stem Ginger
stewed_blue_meat_radish,c039282a-8cda-4f17-a008-5d77080ae031,2377,Stewed Blue Meat Radish
stewed_broad_leaved_endive,76f0f212-6ef1-42b6-8399-e0bc8a8242dd,2378,Stewed Broad-Leaved Endive
stewed_carolina_reaper_chilli,2d28554e-7dec-4226-9656-d4afc4d0b77c,2379,Stewed Carolina Reaper Chilli
stewed_cayenne_pepper,aa886862-0f3b-488d-a1af-7379329fdfb5,2380,Stewed Cayenne Pepper
stewed_chili_poblano,91c53284-7c5e-419d-bbd9-a951e5ab4b6c,2381,Stewed Chili Poblano
stewed_chili_serrano,333d238d-380b-48e7-9a85-edee23e7b02e,2382,Stewed Chili Serrano
stewed_eggplant,02197cc0-0bbb-4402-a1b8-1181725b246e,2383,Stewed Eggplant
stewed_ghost_pepper,922f82f4-3d0d-4a53-b691-5965cf0d2936,2384,Stewed Ghost Pepper
stewed_ginger,c68552be-8297-4064-8b6a-f068a5d511b3,2385,Stewed Ginger
stewed_green_bean,d8212f8e-e4d0-4ef6-b430-2b3d6db51849,2386,Stewed Green Bean
stewed_habanero,f4d46cfe-f291-45e5-a5d0-868ba09e893a,2387,Stewed Habanero
stewed_jalapeno,f38e414d-3159-4b35-9363-d7c32db4aeb7,2388,Stewed Jalapeño
stewed_kohlrabi,827d00ae-7eaf-4c16-bd6c-c545aa5928c5,2389,Stewed Kohlrabi
stewed_lions_mane_mushroom,9f875fa4-e255-4ada-a447-df5419e7cae5,2390,Stewed Lion's Mane Mushroom
stewed_onion,d969aa30-4769-4052-bd1b-a7dcb47a9298,2391,Stewed Onion
stewed_pink_meat_radish,2b7cf893-d7d4-47b2-ae65-5f409e2182e5,2392,Stewed Pink Meat Radish
stewed_pointed_white_cabbage,990dd099-7c42-4dc1-8fee-f607d866d1b1,2393,Stewed Pointed White Cabbage
stewed_radish,49347abb-c41d-4b86-b7ec-87019087f976,2394,Stewed Radish
stewed_red_madame_jeanette,8d12b99e-0a9d-4de7-8efd-7bf5509e5cb8,2395,Stewed Red Madame Jeanette
stewed_red_meat_radish,2a39eda5-fa4c-4f50-8868-e1ede703ade8,2396,Stewed Red Meat Radish
stewed_rhubarb,6811be0f-e6ec-478a-b11e-9fa7b8d08c45,2397,Stewed Rhubarb
stewed_shishito_pepper,b5606080-54b8-4f5f-ba3e-f571b2d92e00,2398,Stewed Shishito Pepper
stewed_spinach,ff74a8ac-5702-49bc-8f4f-f775debe12a4,2399,Stewed Spinach
stewed_trinidad_scorpion_chilli,b2f854b9-482c-463b-94b6-3991450cca67,2400,Stewed Trinidad Scorpion Chilli
stewed_turnip_greens,f045deae-1282-4ede-8b08-7cc318634ce5,2401,Stewed Turnip Greens
stewed_watercress,064fb3b2-be02-4010-8b1c-2cdeb0146762,2402,Stewed Watercress
stewed_white_asparagus,f9cf556d-c080-4421-ae4e-eb8ccb3db018,2403,Stewed White Asparagus
stewed_yellow_madame_jeanette,78d9c8eb-17b7-42e4-aef5-bfe6f93353f0,2404,Stewed Yellow Madame Jeanette
stilton,ac43b45d-791b-46a7-b551-83efb1fd0b08,2405,Stilton
stir_fried_edamame,ef2daf40-14bd-4252-91b1-2ad4a41c00f7,2406,Stir-fried Edamame
straw_mushroom,a1a1e474-5b75-4404-9a91-f808b2220019,2407,Straw Mushroom
strawberry,7239f822-4655-4be8-8c9d-d50373c0aee5,2408,Strawberry
strawberry_jam,4bece12d-89f8-4451-95b1-47e4001b59d3,2409,Strawberry Jam
strawberry_juice,543a8e06-9c6a-4718-b54b-1c66c4330095,2410,Strawberry Juice
strawberry_mint,5fe7f1b5-2686-4a31-9c62-d50fadb73a87,2411,Strawberry Mint
strawberry_puree,d601ccc4-bd62-4ab8-8fce-4c60850a28bc,2412,Strawberry Puree
string_bean,8972109f-8ce4-402c-87c5-81859f7c5fb5,2413,String Bean
strudel_dough,97ee785b-cf3d-482b-bead-1bee64dc7a45,2414,Strudel Dough
sudachi_2415,c13e036b-20f7-4815-a4f3-baf0d381bdb3,2415,Sudachi
sudachi_peel,6c05d9c6-bc93-4407-8eaa-ead40c66f185,2416,Sudachi Peel
sugar_snap_pea,f19af3c7-3c2f-4434-945a-4de43ee1d71b,2417,Sugar Snap Pea
sumac,5c30f156-8a16-4b14-b7aa-36c765f17343,2418,Sumac
sumak_berry,743ef9da-4535-4310-93f5-38673441929d,2419,Sumak Berry
summer_savory,8063bb9a-f309-4c5d-b94e-05cf1e652657,2420,Summer Savory
summer_truffle,c8f299d0-ce76-4b1e-83e5-e26749d9f77b,2421,Summer Truffle
sun_dried_black_olive,54bb4d3f-cc3c-42c7-9256-7651539d3211,2422,Sun-dried Black Olive
sun_dried_tomato_in_olive_oil,6c2e05cb-3574-49d7-8c9f-3a6d7eac8fc5,2423,Sun-Dried Tomato in Olive Oil
sun_dried_tomato_tapenade,0e83e420-0825-407c-9144-a702551abeee,2424,Sun-Dried Tomato Tapenade
sunflower_seed_oil,8f433149-8231-4118-8cd6-95ce5831b6cc,2425,Sunflower Seed Oil
sunflower_seeds,ba42408e-03fe-4362-8ac8-35448d4bce43,2426,Sunflower Seeds
suree_tamarind_paste,3fc08887-6a6b-4cfa-b164-bd960f72021a,2427,Suree Tamarind Paste
sushi_rice,8ccf42a1-5907-43e8-b690-0a8e7edc4847,2428,Sushi Rice
sweet_cherry,c6b1b43a-025f-4045-b573-ec5396854655,2429,Sweet Cherry
sweet_cicely,0d98cdde-86a2-46e6-bce8-a47d430ab056,2430,Sweet Cicely
sweet_clover,43754742-cc87-49fb-9685-9128dcceae98,2431,Sweet Clover
sweet_corn,050d83be-8288-4460-ac6a-b0dc3467fedd,2432,Sweet Corn
sweet_grass,973a0464-d5e1-4c8e-8e16-12f057ebd8dc,2433,Sweet Grass
sweet_potato,e0ebcb1f-3208-49f8-8889-70d4789c1690,2434,Sweet Potato
sweet_potato_leaf,45a8cc5a-6dbd-4f27-a54d-bac6129893d3,2435,Sweet Potato Leaf
sweet_rice_miso,b71619ca-8be8-4c6d-a516-a97e148df446,2436,Sweet Rice Miso
sweet_rice_wine,0294ce15-f91b-46ed-a75d-581ff9562326,2437,Sweet Rice Wine
sweet_whey,1ea31586-7c85-402c-8059-9bd55677120c,2438,Sweet Whey
sweet_woodruff,ad30c0a6-08b0-4144-a98f-b69dea875bd9,2439,Sweet Woodruff
swordfish,a09f7aa1-8a0c-44cd-aea5-aac2356b890d,2440,Swordfish
tabasco_habanero_sauce,16d21b87-b55a-49d1-8dbb-6eb734abc644,2441,Tabasco Habanero Sauce
tabasco_pepper,024ea52b-fda8-411f-b273-9729718796e5,2442,Tabasco Pepper
tabasco_sauce,4886620d-bfcf-4b94-84cc-79d117865dcf,2443,Tabasco Sauce
tabasco_scorpion_sauce,4f2f07a3-0b67-4a2a-87c4-252f55d2b289,2444,Tabasco Scorpion Sauce
tagliatelle,2c1b1182-b4a2-4510-be2f-42d2b59351a2,2445,Tagliatelle
tahini_2446,254b00a6-23a4-4aad-a345-2b830dd9e8e4,2446,Tahini
tahini_dip,36a5f690-4194-4685-96df-bfeab232e38f,2447,Tahini Dip
tahitian_vanilla,d7f4f101-b2bd-42aa-b2e3-460984b3bd87,2448,Tahitian Vanilla
tahoon_cress,09d4d6df-0b13-41b7-8312-5448d881a662,2449,Tahoon® Cress
taiwanese_pineapple_cake,84621f10-d208-4f5e-a232-593f92612243,2450,Taiwanese Pineapple Cake
taleggio,44a583c6-6f5b-45a5-be86-2d9c4e15e2b6,2451,Taleggio
tamarillo_2452,4a581df6-2412-4393-84b9-c184871fdbef,2452,Tamarillo
tamarind,1c720827-9ed5-4350-a46a-46317595303c,2453,Tamarind
tandoori_masala,b392be32-4e72-4c8f-a0c9-22d6b86bfe0c,2454,Tandoori Masala
tandoori_paste,4a095ff5-d612-4ba8-b76f-78268262d3b0,2455,Tandoori Paste
tangerine,076057d9-091a-4f32-b0dd-df6b3fb880f8,2456,Tangerine
tangerine_zest,800d556b-e31c-4cf9-938c-4b6a2524741d,2457,Tangerine Zest
tankan,b39d5d69-449d-40be-8be3-0ffaafc59eea,2458,Tankan
taro_2459,8e857a7e-14db-437c-a1ac-a85aeacc1b37,2459,Taro
tarragon,46a1f386-1c5f-47e2-a813-0098d3ea60b6,2460,Tarragon
tarragon_vinegar,860306e9-99e1-4c7d-a392-9c2b2df2eead,2461,Tarragon Vinegar
tartar_sauce,a8b072b2-16ea-4947-82f2-9c011c2bef63,2462,Tartar Sauce
teff_2463,560d0925-16e5-49ee-b6ec-4bad89cee77b,2463,Teff
tequila_blanco_don_julio,9a4ff236-8767-4a88-957f-e43c4715d06b,2464,Tequila Blanco 'Don Julio'
tequila_reposado,35d62c2b-30a0-4bfc-9fdd-b925d02936be,2465,Tequila Reposado
tequila_rosa,664cda0b-4513-4ab0-9313-aa01a5945e09,2466,Tequila Rosa
tequila_silver,5799282c-f2fa-4f1d-8a82-d654eac86a59,2467,Tequila Silver
terasi,6575e086-f13b-4e85-ab24-dea197055f0f,2468,Terasi
thai_basil,c84ca20b-9615-4fb4-9325-96faa966dbaf,2469,Thai Basil
thai_green_chili,44d9421b-8bba-4ab2-a983-c0872914d8f2,2470,Thai Green Chili
thai_red_curry,c1a40205-cae8-4b24-b9ae-87401ebc3c16,2471,Thai Red Curry
thyme,7f7b2192-5724-4704-a518-4049bd2ca02f,2472,Thyme
thyme_flower,00d6b4a8-4e49-4228-bdca-b087d65520b3,2473,Thyme Flower
tiger_nut_chufa,e2008a99-5735-4058-82c5-35b7522e7e19,2474,Tiger Nut (Chufa)
tikka_masala,a0c69ac1-85b8-435d-8dd6-7ee067973448,2475,Tikka Masala
tikka_masala_spice_blend,1c8643e4-bb14-4ad0-90db-1a7f5a637e02,2476,Tikka Masala Spice Blend
tillamook_extra_sharp_cheddar,edbb98c9-9c1a-472a-9867-439185d56490,2477,Tillamook Extra Sharp Cheddar
tillamook_medium_cheddar,d604b2df-1e10-4317-9cf0-a6db0ec1e1dd,2478,Tillamook Medium Cheddar
tillamook_sharp_cheddar,759b6ee5-995d-446b-8baa-47813115f76c,2479,Tillamook Sharp Cheddar
timut_pepper,532fa2e9-03f1-4ed8-95b0-831d365a08c0,2480,Timut Pepper
toast,d8b55dfe-2e72-4301-a2fe-6dd239f1bc9f,2481,Toast
toasted_anise_seed,a5f98da9-6873-42d3-9d0e-a0df2763fa62,2482,Toasted Anise Seed
toasted_brioche,8f7217d1-99f5-4bb1-8044-52766230e89c,2483,Toasted Brioche
toffee,a225958c-27c1-4363-8b07-a0dde6e34bd3,2484,Toffee
tofu_2485,4f2992fe-b4bc-4eb6-a1c2-95be0e02005e,2485,Tofu
tomatillo_2486,f9110919-76e6-44e0-9b57-b1001d6890f9,2486,Tomatillo
tomato,68df9022-899f-4ef9-b3aa-519a59552cf6,2487,Tomato
tomato_chutney,b0ea9d15-ea75-4754-9c70-38555c2bd65e,2488,Tomato Chutney
tomato_paste,2cb8c52b-fea2-4f83-b5f8-ffb098563502,2489,Tomato Paste
tomato_puree,3840d315-f3f4-4ede-8274-d2e15207739f,2490,Tomato Puree
tomme_de_savoie,2ddce88c-9efb-4272-bf4f-380bc667c46f,2491,Tomme De Savoie
tonda_pandana_squash,0dd47819-31f3-40f1-b242-6356daa97b58,2492,Tonda Pandana Squash
tonic_water_2493,23611a31-4b64-4af6-845b-9e7697598206,2493,Tonic Water
tonka_bean,f858f325-5ca7-4ed0-b994-81f2a6766abd,2494,Tonka Bean
tortilla_2495,95903590-67ff-494b-986c-e31987724074,2495,Tortilla
traditional_balsamic_vinegar_of_modena,546ab848-46c0-43b2-9486-001dcc3c3356,2496,Traditional Balsamic Vinegar Of Modena
trassi,7aeb53e6-c5f6-4af7-9dd1-00b157d8bd2c,2497,Trassi
tree_tomato,fccd4523-cfa2-4736-959b-eb3c98ab9f8f,2498,Tree Tomato
trinidad_scorpion_butch_t_pepper,44d400ab-b332-4311-b791-f51eadb1fae6,2499,Trinidad Scorpion Butch T Pepper
trinidad_scorpion_chilli,f4f15d35-cda2-40b5-90e6-1b7c454d22ec,2500,Trinidad Scorpion Chilli
truffle_juice,ad5352b5-a0a4-420c-bc35-77aaa88eed2f,2501,Truffle Juice
truffle_oil,24e6997e-8433-4231-8532-792a2310f774,2502,Truffle Oil
tulsi_powder,c4045338-f84f-49fd-9f73-777b85189e15,2503,Tulsi Powder
turkish_bread,7747c088-0571-4187-a2b7-9f17dadd39ec,2504,Turkish Bread
turkish_coffee,f1167655-39d1-4629-8e40-d65727c67c42,2505,Turkish Coffee
turnip,f29c2554-da96-4610-9a4f-31f8dcf02e7b,2506,Turnip
turnip_greens,e3423935-5bc7-4dea-ae85-cdedc8c243c8,2507,Turnip Greens
turnip_rooted_parsley,081df34e-7534-4e64-a035-f90a1b560e3c,2508,Turnip-Rooted Parsley
tzatziki,79dd7468-99ce-4acc-b643-35cdabaa409c,2509,Tzatziki
ugli,38bfef6b-ed4a-4340-8ceb-39164bb5ed9a,2510,Ugli
umbu_2511,ed548259-233d-4517-a578-21e830c74da6,2511,Umbu
ume_2512,6a848252-2008-4106-8f77-5c86d2ae30e2,2512,Ume
umeboshi_2513,887506ce-507f-4f5a-9aa7-ed6d6edd86d4,2513,Umeboshi
vadouvan,bfd18f00-b0d5-4d69-a80e-b010e3b584ca,2514,Vadouvan
valencia_orange,24c35d00-820d-4c57-840d-8a46bf1839b3,2515,Valencia Orange
vanilla_extract,ab9eb22e-de98-4f84-8609-5640ef87a27e,2516,Vanilla Extract
vanilla_ice_cream,1df588e1-1c0a-455f-bbdb-6c295234f736,2517,Vanilla Ice Cream
vanilla_muffin,544beac4-82bf-4555-8660-8946827ee10a,2518,Vanilla Muffin
vanilla_pudding,78f48c56-fb9b-4bf1-ba31-fd5bbd845d47,2519,Vanilla Pudding
vanilla_sugar,4b832117-0f84-4a8e-ab12-6f4a598ef218,2520,Vanilla Sugar
veal_fond,affec6a3-0fd4-42c3-8e6a-43386231d742,2521,Veal Fond
veal_sweetbread,06e306f6-1454-4f2a-808d-8f2035806a19,2522,Veal Sweetbread
vegemite,8fd00680-3b1f-4f68-8bfa-5bbaa06c085c,2523,Vegemite
vegetable_bouillon,39fee246-a778-4e2a-9bf8-0ec8829b7251,2524,Vegetable Bouillon
verbena,a66bb7a5-5780-403f-b680-f3092ba77bab,2525,Verbena
verbena_flower,d0a22d17-f8f5-452c-8238-714f1be96662,2526,Verbena Flower
verjus,03ba2e97-34f2-431e-9754-c260beb8b01e,2527,Verjus
vidalia_onion,369eb5b2-4b7b-4fde-a4d3-5dd1fcbb6d39,2528,Vidalia Onion
vietnamese_coriander,581f691f-a5c7-4ee1-a05a-f9af889c481d,2529,Vietnamese Coriander
vine_leaf,c8cb8dc4-228c-4f85-8c40-696674d60882,2530,Vine Leaf
vine_tomato,b88f46a8-d8ac-41ce-b125-c4b2766bddaa,2531,Vine Tomato
violet_de_provence_artichoke,a5a032fe-cf17-46dd-8868-83576cc265d5,2532,Violet De Provence Artichoke
violet_flower,f1a7377c-455b-431f-a96b-94bde287e484,2533,Violet Flower
voatsiperifery_pepper,67d9acf7-36d4-46c9-aaad-ab3aad4846d1,2534,Voatsiperifery Pepper
vodka,cccf35cd-a686-4135-a9d1-fc7c252a2ebc,2535,Vodka
wagyu_beef,b2eff155-1553-45e1-9b0f-c9c2fda2d2cc,2536,Wagyu Beef
waldkorn_bread,0852f1a9-225b-46b8-8a15-56088a772ea0,2537,Waldkorn Bread
walnut,6ad225a3-454f-433a-a98d-9c7eaa8e39be,2538,Walnut
walnut_with_peel,c3e40365-a847-4041-a60d-43445b899deb,2539,Walnut (with peel)
walnut_meal,d9983956-d080-4308-b805-1caae79b8cd3,2540,Walnut Meal
walnut_oil,bf8c1300-1c2e-43da-8633-de72a214428a,2541,Walnut Oil
wasabi_2542,23423fe9-2e03-4dee-a547-eedb3c7ca633,2542,Wasabi
wasabi_paste,066b9178-9724-48bd-bf99-6e172b48e5d2,2543,Wasabi Paste
washington_navel_orange,e7b02306-3cba-4954-906c-eef9c52ed80b,2544,Washington Navel Orange
water_mint,9a2604a7-a3a4-42a4-8eca-eeefb3d889e6,2545,Water Mint
water_spinach,4df10dd0-ac6f-40bb-ab09-d0d8d1d8b2db,2546,Water Spinach
watercress,ebb02c5a-84f7-4d77-99e1-edd3763c2626,2547,Watercress
watermelon,1262a883-16cf-41d3-a84f-c9bc79dea635,2548,Watermelon
watermelon_seed,35346a9e-b275-41da-899d-8300031b94fb,2549,Watermelon Seed
wax_gourd,278bd0fe-82af-4f95-8199-07a4d6380caa,2550,Wax Gourd
west_indian_vanilla,26d26560-44ed-4609-b399-a3711061fd9d,2551,West Indian Vanilla
westmalle_tripel,d4353bf3-0f3e-4cb4-9966-1173ee75ef7b,2552,Westmalle Tripel
white_asparagus,21c752ec-d35b-44d4-a9cb-11fe208675df,2553,White Asparagus
white_balsamic_vinegar,412e9a29-e993-43d5-a4ea-3c52e859a8f0,2554,White Balsamic Vinegar
white_beech_mushroom,5757d0b0-71ed-4ac3-9788-7808b31693e1,2555,White Beech Mushroom
white_cabbage,dceae326-81a5-4a10-aa3f-96721d3dcb20,2556,White Cabbage
white_carrot,a1905758-4c92-4360-8095-d42410d826b8,2557,White Carrot
white_cherry,b93b8961-4539-48f7-856f-e1999b42aa10,2558,White Cherry
white_chocolate,fc710d91-b962-4278-9006-4c6f4a9f8e25,2559,White Chocolate
white_coffee,d411d2ff-3d10-4fbc-a9bb-c4edf1ac2f07,2560,White Coffee
white_currant,9ce054e2-2522-464c-aa04-52a9385dbdac,2561,White Currant
white_eggplant,9df485f0-adc7-4cbb-8e0f-92d9b3cf3776,2562,White Eggplant
white_fig,5bebb801-35ad-4366-8e7e-05a9a79098b4,2563,White Fig
white_grape,c4482d06-730d-4ae4-ae67-f3cc15ef48b8,2564,White Grape
white_guava,d4d2636b-c197-401e-9bf7-32c2c27af59f,2565,White Guava
white_icicle_radish,143072db-2b23-4588-831f-022fdcdc1e7f,2566,White Icicle Radish
white_kidney_bean,3e1f05f9-d885-4c46-af88-56f85d75c45b,2567,White Kidney Bean
white_miso,91f2b5e9-4877-403d-9c28-471e3a0475d3,2568,White Miso
white_nectarine,69516984-4824-4b7e-8458-d4c52b9db75a,2569,White Nectarine
white_peach,a7f0d1a6-25ee-430e-a608-229fce75c8bc,2570,White Peach
white_peach_puree,d33a7ce5-fe21-4836-a5b3-eff44c886334,2571,White Peach Puree
white_pepper_powder,6bcade8c-8182-448f-9fbd-e9a119ee5823,2572,White Pepper Powder
white_peppercorn,ef50c199-cf8a-444b-a2fc-edf96b3c87dd,2573,White Peppercorn
white_pomelo,2b8d6a9e-b421-4728-9dcc-3f4dfc36419f,2574,White Pomelo
white_pomelo_peel,c4af1210-6ffe-46ae-a4a2-90b0b275d1d2,2575,White Pomelo Peel
white_tea,3d7eeec2-8af1-48af-8a81-74e4c40c47cb,2576,White Tea
white_truffle,0d4163be-41b1-46e1-8f5b-dc9f46a1551b,2577,White Truffle
white_watermelon,e3615414-f29d-4d01-b22a-131266621808,2578,White Watermelon
white_wine_vinegar,fa22689c-c297-4504-a994-20ac06720d86,2579,White Wine Vinegar
whole_milk,fab1c972-7d8f-4d12-9abf-f004f6a6a329,2580,Whole Milk
wild_pistachio,363acbcc-56a9-4303-9f95-e827ccbf8476,2581,Wild Pistachio
wild_rice,1eaa025c-0ace-44cf-9a64-20e32516640b,2582,Wild Rice
wild_rucola,8c31d519-5404-4ae7-9eae-6311a2d296bb,2583,Wild Rucola
wild_strawberry,841d6c15-64aa-46fc-9288-47d152226827,2584,Wild Strawberry
wild_strawberry_puree,7af70c1b-9d42-45b6-b7b7-98dcd3b56079,2585,Wild Strawberry Puree
winter_purslane,97e312fe-d8b2-46fa-9408-40715a31180d,2586,Winter Purslane
winter_savory,1d405202-faca-4f5c-963a-9470098aad8f,2587,Winter Savory
with_peel_oven_baked_jerusalem_artichoke,70d9a183-b2f0-4bbc-8766-84c2e410ca79,2588,"With Peel, Oven-baked Jerusalem Artichoke"
wood_ear_mushroom,d230304a-e19a-4a4e-b1c7-5d2c1eef3f25,2589,Wood Ear Mushroom
wood_sorrel,49daed09-fb5f-4c4a-b4f5-93b4d98268de,2590,Wood Sorrel
worcestershire_sauce,2a02244b-e532-4511-ae5b-5ac298d5befa,2591,Worcestershire Sauce
wuijang_pickled_radish,9fb9d2d1-d0d0-4af4-a482-8e894f7a059c,2592,Wuijang Pickled Radish
xo_sauce,76f01a4c-b5f9-401c-a3a0-0ba8fbd4489e,2593,XO Sauce
yaji_spice_mix_no_peanut,c3d1630c-be5a-4107-87d8-0d544b86b9e3,2594,Yaji Spice Mix (no peanut)
yaji_spice_mix_with_peanut,a02f4b00-4acc-4a04-8527-8efbdf6ee7cb,2595,Yaji Spice Mix (with peanut)
yellow_bean,27276d51-8216-47e2-92d4-9d68ef308bc5,2596,Yellow Bean
yellow_beetroot,3aa469db-a0eb-4ed6-8878-90ca52026e54,2597,Yellow Beetroot
yellow_bell_pepper,b809b467-cf0e-4fd0-a6f4-4902f446b553,2598,Yellow Bell Pepper
yellow_carrot,de616aa0-f23f-49e2-ab24-1307280cab1d,2599,Yellow Carrot
yellow_cayenne_pepper,b4c8e2d0-965f-421f-8249-6552de9a3edb,2600,Yellow Cayenne Pepper
yellow_cherry_tomato,a6b46f6d-0bb2-4eb7-8a36-5b6125417b7f,2601,Yellow Cherry Tomato
yellow_curry_paste,cda91fc8-7db6-4eb9-8350-b1f5fe94e99e,2602,Yellow Curry Paste
yellow_dried_apricot,5abadcc7-91ce-447d-bf53-71d7346a53f6,2603,Yellow Dried Apricot
yellow_grapefruit,6637b893-b0e6-4c3a-9270-7281c906b69c,2604,Yellow Grapefruit
yellow_lentil,c0bd0a83-4471-47c6-8714-772b28465407,2605,Yellow Lentil
yellow_madame_jeanette,4f2b5c2e-8a66-4891-b754-35a52d33af24,2606,Yellow Madame Jeanette
yellow_mung_bean,3d215118-1061-40ac-af33-cd8f8c21e466,2607,Yellow Mung Bean
yellow_mustard_seed,4a627ccf-f977-4823-9ffd-bc755b7e58f6,2608,Yellow Mustard Seed
yellow_nectarine,0837f9ac-c710-49a3-a384-364105b8a13d,2609,Yellow Nectarine
yellow_onion,2a818886-a00d-47bf-a036-47c5b6b01d49,2610,Yellow Onion
yellow_pea,8b55ed52-7610-46ec-9fd2-96f8ccced3e6,2611,Yellow Pea
yellow_peach,719270e2-7e87-4ab5-b8ba-49d47b8dc599,2612,Yellow Peach
yellow_pitaya,4dc133fc-43ab-4c1a-bb0f-952212246c68,2613,Yellow Pitaya
yellow_plum_tomato,62b52574-e14e-4399-b10d-2101ac3dcc3d,2614,Yellow Plum Tomato
yellow_split_pea,80792bb5-738b-4d53-b2bb-0a76541f9c1f,2615,Yellow Split Pea
yellow_sweet_pointed_pepper,78dc361e-51eb-4403-98f3-f6c2289997f0,2616,Yellow Sweet Pointed Pepper
yellow_tea,f8686d6c-fa32-4c53-8186-9680d82dbfc2,2617,Yellow Tea
yellow_turnip,42874757-669f-44bd-b743-9ba97ebbdde1,2618,Yellow Turnip
yellow_watermelon,5c96515b-9bf5-4297-81e6-c02fc37884eb,2619,Yellow Watermelon
yerba_mate_tea,9045a01d-cb00-4a90-9ee6-0028f031f577,2620,Yerba Mate Tea
young_coconut,1657ecf4-9de5-46fe-a585-4cbf5fd11d06,2621,Young Coconut
yuzu_2622,8bef80c5-ea18-4284-865b-d658cd8c1af1,2622,Yuzu
yuzu_kosho,30574e6f-3fa2-49fa-b4ed-6b54f250e880,2623,Yuzu Kosho
yuzu_peel,117731e1-120d-495c-b5f7-b367345ef4d1,2624,Yuzu Peel
yuzu_vinegar,3f4f136d-7189-4ca3-ab2d-73209e475d39,2625,Yuzu Vinegar
zaatar_2626,2dbc1054-ffd9-4022-b395-fadd6601b38b,2626,Za'atar
zabaione,d3bb232b-ac43-4150-aba8-c227142e0bff,2627,Zabaione
zorri_cress,b57767f5-24bc-47b9-809d-43d12380220b,2628,Zorri Cress
zucchini_2629,47bfe757-6a8b-4999-af98-1989408eb9ae,2629,Zucchini
